{
	"parent": "item/handheld",
	"textures": {
		"layer0": "items/0372"
	},
	"display": {
		"thirdperson_righthand": {
			"rotation": [-90, 0, -45],
			"translation": [0, 0.5, 0],
			"scale": [0.6, 0.6, 0.7]
		},
		"thirdperson_lefthand": {
			"rotation": [-90, 0, 45],
			"translation": [0, 0.5, 0],
			"scale": [0.6, 0.6, 0.7]
		},
		"firstperson_righthand": {
			"rotation": [-90, 0, -40],
			"translation": [1.25, 1.75, 0],
			"scale": [0.6, 0.6, 0.7]
		},
		"firstperson_lefthand": {
			"rotation": [-90, 0, 40],
			"translation": [1.25, 1.75, 0],
			"scale": [0.6, 0.6, 0.7]
		},
		"ground": {
			"scale": [0.6, 0.6, 0.6]
		},
		"head": {
			"rotation": [90, 0, 135],
			"translation": [-0.5, 6.75, 0.25]
		},
		"fixed": {
			"translation": [-3.75, 4.25, 0],
			"scale": [0.6, 0.6, 0.6]
		}
	}
}