{
	"credit": "Made with Blockbench",
	"parent": "item/handheld",
	"textures": {
		"layer0": "items/0393"
	},
	"display": {
		"thirdperson_righthand": {
			"scale": [0, 0, 0]
		},
		"thirdperson_lefthand": {
			"scale": [0, 0, 0]
		},
		"firstperson_righthand": {
			"translation": [-9.16, 5.95, 1],
			"scale": [0.88, 0.88, 0.8]
		},
		"firstperson_lefthand": {
			"rotation": [1, 0, 0],
			"translation": [-8.935, 5.855, 1.25],
			"scale": [0.88, 0.88, 0]
		},
		"head": {
			"scale": [0, 0, 0]
		}
	}
}