{
	"parent": "item/handheld",
	"textures": {
		"layer0": "items/0628"
	},
	"display": {
		"thirdperson_righthand": {
			"rotation": [0, -90, -10],
			"translation": [1.75, 0, 2.25],
			"scale": [1.5, 1.5, 2]
		},
		"thirdperson_lefthand": {
			"rotation": [0, 90, 10],
			"translation": [2.5, 0, 2.25],
			"scale": [1.5, 1.5, 2]
		},
		"firstperson_righthand": {
			"rotation": [0, -90, 48],
			"translation": [4.25, 1.75, -6.75],
			"scale": [1.5, 1.5, 2]
		},
		"firstperson_lefthand": {
			"rotation": [0, 90, -48],
			"translation": [4.25, 1.75, -6.75],
			"scale": [1.5, 1.5, 2]
		}
	}
}