{"credit":"Made with Blockbench piyokame","textures":{"0":"items/1261","particle":"items/1261"},"elements":[{"from":[6,0,4.5],"to":[10,1.5,5],"faces":{"north":{"uv":[10,4.5,6,5],"texture":"#0"},"east":{"uv":[9.5,4.5,10,5],"rotation":90,"texture":"#0"},"south":{"uv":[6,4.5,10,5],"texture":"#0"},"west":{"uv":[6,4.5,6.5,5],"rotation":270,"texture":"#0"},"up":{"uv":[6,4.5,10,5],"texture":"#0"},"down":{"uv":[6,5,10,4.5],"texture":"#0"}}},{"from":[5.5,0,5],"to":[6,1.5,12],"faces":{"north":{"uv":[6,5,5.5,5.5],"texture":"#0"},"east":{"uv":[5.5,5,6,12],"rotation":90,"texture":"#0"},"south":{"uv":[5.5,11.5,6,12],"texture":"#0"},"west":{"uv":[5.5,5,6,12],"rotation":270,"texture":"#0"},"up":{"uv":[5.5,5,6,12],"texture":"#0"},"down":{"uv":[5.5,12,6,5],"texture":"#0"}}},{"from":[10,0,5],"to":[10.5,1.5,12],"faces":{"north":{"uv":[10.5,5,10,5.5],"texture":"#0"},"east":{"uv":[10,5,10.5,12],"rotation":90,"texture":"#0"},"south":{"uv":[10,11.5,10.5,12],"texture":"#0"},"west":{"uv":[10,5,10.5,12],"rotation":270,"texture":"#0"},"up":{"uv":[10,5,10.5,12],"texture":"#0"},"down":{"uv":[10,12,10.5,5],"texture":"#0"}}},{"from":[4.5,0,5.5],"to":[5.5,1.5,12],"faces":{"north":{"uv":[5.5,5.5,4.5,6],"texture":"#0"},"east":{"uv":[5,5.5,5.5,12],"rotation":90,"texture":"#0"},"south":{"uv":[4.5,11.5,5.5,12],"texture":"#0"},"west":{"uv":[4.5,5.5,5,12],"rotation":270,"texture":"#0"},"up":{"uv":[4.5,5.5,5.5,12],"texture":"#0"},"down":{"uv":[4.5,12,5.5,5.5],"texture":"#0"}}},{"from":[6,0,5.5],"to":[10,1.5,12.5],"faces":{"north":{"uv":[10,5.5,6,6],"texture":"#0"},"east":{"uv":[9.5,5.5,10,12.5],"rotation":90,"texture":"#0"},"south":{"uv":[6,12,10,12.5],"texture":"#0"},"west":{"uv":[6,5.5,6.5,12.5],"rotation":270,"texture":"#0"},"up":{"uv":[6,5.5,10,12.5],"texture":"#0"},"down":{"uv":[6,12.5,10,5.5],"texture":"#0"}}},{"from":[10.5,0,5.5],"to":[11.5,1.5,12],"faces":{"north":{"uv":[11.5,5.5,10.5,6],"texture":"#0"},"east":{"uv":[11,5.5,11.5,12],"rotation":90,"texture":"#0"},"south":{"uv":[10.5,11.5,11.5,12],"texture":"#0"},"west":{"uv":[10.5,5.5,11,12],"rotation":270,"texture":"#0"},"up":{"uv":[10.5,5.5,11.5,12],"texture":"#0"},"down":{"uv":[10.5,12,11.5,5.5],"texture":"#0"}}},{"from":[3.5,0,6],"to":[4.5,1.5,8.5],"faces":{"north":{"uv":[4.5,6,3.5,6.5],"texture":"#0"},"east":{"uv":[4,6,4.5,8.5],"rotation":90,"texture":"#0"},"south":{"uv":[3.5,8,4.5,8.5],"texture":"#0"},"west":{"uv":[3.5,6,4,8.5],"rotation":270,"texture":"#0"},"up":{"uv":[3.5,6,4.5,8.5],"texture":"#0"},"down":{"uv":[3.5,8.5,4.5,6],"texture":"#0"}}},{"from":[11.5,0,6],"to":[12.5,1.5,9.5],"faces":{"north":{"uv":[12.5,6,11.5,6.5],"texture":"#0"},"east":{"uv":[12,6,12.5,9.5],"rotation":90,"texture":"#0"},"south":{"uv":[11.5,9,12.5,9.5],"texture":"#0"},"west":{"uv":[11.5,6,12,9.5],"rotation":270,"texture":"#0"},"up":{"uv":[11.5,6,12.5,9.5],"texture":"#0"},"down":{"uv":[11.5,9.5,12.5,6],"texture":"#0"}}},{"from":[3,0,6.5],"to":[3.5,1.5,7.5],"faces":{"north":{"uv":[3.5,6.5,3,7],"texture":"#0"},"east":{"uv":[3,6.5,3.5,7.5],"rotation":90,"texture":"#0"},"south":{"uv":[3,7,3.5,7.5],"texture":"#0"},"west":{"uv":[3,6.5,3.5,7.5],"rotation":270,"texture":"#0"},"up":{"uv":[3,6.5,3.5,7.5],"texture":"#0"},"down":{"uv":[3,7.5,3.5,6.5],"texture":"#0"}}},{"from":[12.5,0,6.5],"to":[13,1.5,7.5],"faces":{"north":{"uv":[13,6.5,12.5,7],"texture":"#0"},"east":{"uv":[12.5,6.5,13,7.5],"rotation":90,"texture":"#0"},"south":{"uv":[12.5,7,13,7.5],"texture":"#0"},"west":{"uv":[12.5,6.5,13,7.5],"rotation":270,"texture":"#0"},"up":{"uv":[12.5,6.5,13,7.5],"texture":"#0"},"down":{"uv":[12.5,7.5,13,6.5],"texture":"#0"}}},{"from":[2.5,0,8],"to":[3.5,1.5,8.5],"faces":{"north":{"uv":[3.5,8,2.5,8.5],"texture":"#0"},"east":{"uv":[3,8,3.5,8.5],"rotation":90,"texture":"#0"},"south":{"uv":[2.5,8,3.5,8.5],"texture":"#0"},"west":{"uv":[2.5,8,3,8.5],"rotation":270,"texture":"#0"},"up":{"uv":[2.5,8,3.5,8.5],"texture":"#0"},"down":{"uv":[2.5,8.5,3.5,8],"texture":"#0"}}},{"from":[12.5,0,8],"to":[13.5,1.5,8.5],"faces":{"north":{"uv":[13.5,8,12.5,8.5],"texture":"#0"},"east":{"uv":[13,8,13.5,8.5],"rotation":90,"texture":"#0"},"south":{"uv":[12.5,8,13.5,8.5],"texture":"#0"},"west":{"uv":[12.5,8,13,8.5],"rotation":270,"texture":"#0"},"up":{"uv":[12.5,8,13.5,8.5],"texture":"#0"},"down":{"uv":[12.5,8.5,13.5,8],"texture":"#0"}}},{"from":[2.5,0,8.5],"to":[3,1.5,9],"faces":{"north":{"uv":[3,8.5,2.5,9],"texture":"#0"},"east":{"uv":[2.5,8.5,3,9],"rotation":90,"texture":"#0"},"south":{"uv":[2.5,8.5,3,9],"texture":"#0"},"west":{"uv":[2.5,8.5,3,9],"rotation":270,"texture":"#0"},"up":{"uv":[2.5,8.5,3,9],"texture":"#0"},"down":{"uv":[2.5,9,3,8.5],"texture":"#0"}}},{"from":[4,0,8.5],"to":[4.5,1.5,11.5],"faces":{"north":{"uv":[4.5,8.5,4,9],"texture":"#0"},"east":{"uv":[4,8.5,4.5,11.5],"rotation":90,"texture":"#0"},"south":{"uv":[4,11,4.5,11.5],"texture":"#0"},"west":{"uv":[4,8.5,4.5,11.5],"rotation":270,"texture":"#0"},"up":{"uv":[4,8.5,4.5,11.5],"texture":"#0"},"down":{"uv":[4,11.5,4.5,8.5],"texture":"#0"}}},{"from":[13,0,8.5],"to":[13.5,1.5,9],"faces":{"north":{"uv":[13.5,8.5,13,9],"texture":"#0"},"east":{"uv":[13,8.5,13.5,9],"rotation":90,"texture":"#0"},"south":{"uv":[13,8.5,13.5,9],"texture":"#0"},"west":{"uv":[13,8.5,13.5,9],"rotation":270,"texture":"#0"},"up":{"uv":[13,8.5,13.5,9],"texture":"#0"},"down":{"uv":[13,9,13.5,8.5],"texture":"#0"}}},{"from":[3,0,9],"to":[4,1.5,9.5],"faces":{"north":{"uv":[4,9,3,9.5],"texture":"#0"},"east":{"uv":[3.5,9,4,9.5],"rotation":90,"texture":"#0"},"south":{"uv":[3,9,4,9.5],"texture":"#0"},"west":{"uv":[3,9,3.5,9.5],"rotation":270,"texture":"#0"},"up":{"uv":[3,9,4,9.5],"texture":"#0"},"down":{"uv":[3,9.5,4,9],"texture":"#0"}}},{"from":[12.5,0,9],"to":[13,1.5,9.5],"faces":{"north":{"uv":[13,9,12.5,9.5],"texture":"#0"},"east":{"uv":[12.5,9,13,9.5],"rotation":90,"texture":"#0"},"south":{"uv":[12.5,9,13,9.5],"texture":"#0"},"west":{"uv":[12.5,9,13,9.5],"rotation":270,"texture":"#0"},"up":{"uv":[12.5,9,13,9.5],"texture":"#0"},"down":{"uv":[12.5,9.5,13,9],"texture":"#0"}}},{"from":[11.5,0,9.5],"to":[12,1.5,11.5],"faces":{"north":{"uv":[12,9.5,11.5,10],"texture":"#0"},"east":{"uv":[11.5,9.5,12,11.5],"rotation":90,"texture":"#0"},"south":{"uv":[11.5,11,12,11.5],"texture":"#0"},"west":{"uv":[11.5,9.5,12,11.5],"rotation":270,"texture":"#0"},"up":{"uv":[11.5,9.5,12,11.5],"texture":"#0"},"down":{"uv":[11.5,11.5,12,9.5],"texture":"#0"}}}],"display":{"thirdperson_righthand":{"rotation":[90,0,90],"translation":[-7.5,0.25,0]},"firstperson_righthand":{"rotation":[90,0,66],"translation":[-10,4.25,2.5]},"ground":{"rotation":[90,0,0],"translation":[0,0,7.25]},"gui":{"rotation":[90,0,0],"translation":[0.25,0,0],"scale":[1.34,1.34,1.34]},"fixed":{"rotation":[90,0,0],"translation":[0,0,11.75],"scale":[1.74,1.74,1.74]}},"groups":[{"name":"stone_pickaxe","origin":[8,8,8],"children":[0,1,2,3,4,5,6,7,8,9,10,11,12,13,14,15,16,17]}]}