{
	"credit": "Made with Blockbench",
	"textures": {
		"0": "items/1279",
		"particle": "items/1279"
	},
	"elements": [
		{
			"name": "cell_0",
			"from": [7, 0, 1],
			"to": [9, 0.5, 16],
			"faces": {
				"north": {"uv": [9, 1, 7, 1.5], "texture": "#0"},
				"east": {"uv": [8.5, 1, 9, 16], "rotation": 90, "texture": "#0"},
				"south": {"uv": [7, 15.5, 9, 16], "texture": "#0"},
				"west": {"uv": [7, 1, 7.5, 16], "rotation": 270, "texture": "#0"},
				"up": {"uv": [7, 1, 9, 16], "texture": "#0"},
				"down": {"uv": [7, 16, 9, 1], "texture": "#0"}
			}
		},
		{
			"name": "cell_1",
			"from": [5, 0, 2],
			"to": [7, 0.5, 15.5],
			"faces": {
				"north": {"uv": [7, 2, 5, 2.5], "texture": "#0"},
				"east": {"uv": [6.5, 2, 7, 15.5], "rotation": 90, "texture": "#0"},
				"south": {"uv": [5, 15, 7, 15.5], "texture": "#0"},
				"west": {"uv": [5, 2, 5.5, 15.5], "rotation": 270, "texture": "#0"},
				"up": {"uv": [5, 2, 7, 15.5], "texture": "#0"},
				"down": {"uv": [5, 15.5, 7, 2], "texture": "#0"}
			}
		},
		{
			"name": "cell_2",
			"from": [9, 0, 2],
			"to": [11, 0.5, 15.5],
			"faces": {
				"north": {"uv": [11, 2, 9, 2.5], "texture": "#0"},
				"east": {"uv": [10.5, 2, 11, 15.5], "rotation": 90, "texture": "#0"},
				"south": {"uv": [9, 15, 11, 15.5], "texture": "#0"},
				"west": {"uv": [9, 2, 9.5, 15.5], "rotation": 270, "texture": "#0"},
				"up": {"uv": [9, 2, 11, 15.5], "texture": "#0"},
				"down": {"uv": [9, 15.5, 11, 2], "texture": "#0"}
			}
		},
		{
			"name": "cell_3",
			"from": [4.5, 0, 2.5],
			"to": [5, 0.5, 15.5],
			"faces": {
				"north": {"uv": [5, 2.5, 4.5, 3], "texture": "#0"},
				"east": {"uv": [4.5, 2.5, 5, 15.5], "rotation": 90, "texture": "#0"},
				"south": {"uv": [4.5, 15, 5, 15.5], "texture": "#0"},
				"west": {"uv": [4.5, 2.5, 5, 15.5], "rotation": 270, "texture": "#0"},
				"up": {"uv": [4.5, 2.5, 5, 15.5], "texture": "#0"},
				"down": {"uv": [4.5, 15.5, 5, 2.5], "texture": "#0"}
			}
		},
		{
			"name": "cell_4",
			"from": [11, 0, 2.5],
			"to": [11.5, 0.5, 15.5],
			"faces": {
				"north": {"uv": [11.5, 2.5, 11, 3], "texture": "#0"},
				"east": {"uv": [11, 2.5, 11.5, 15.5], "rotation": 90, "texture": "#0"},
				"south": {"uv": [11, 15, 11.5, 15.5], "texture": "#0"},
				"west": {"uv": [11, 2.5, 11.5, 15.5], "rotation": 270, "texture": "#0"},
				"up": {"uv": [11, 2.5, 11.5, 15.5], "texture": "#0"},
				"down": {"uv": [11, 15.5, 11.5, 2.5], "texture": "#0"}
			}
		},
		{
			"name": "cell_5",
			"from": [4, 0, 3],
			"to": [4.5, 0.5, 15],
			"faces": {
				"north": {"uv": [4.5, 3, 4, 3.5], "texture": "#0"},
				"east": {"uv": [4, 3, 4.5, 15], "rotation": 90, "texture": "#0"},
				"south": {"uv": [4, 14.5, 4.5, 15], "texture": "#0"},
				"west": {"uv": [4, 3, 4.5, 15], "rotation": 270, "texture": "#0"},
				"up": {"uv": [4, 3, 4.5, 15], "texture": "#0"},
				"down": {"uv": [4, 15, 4.5, 3], "texture": "#0"}
			}
		},
		{
			"name": "cell_6",
			"from": [11.5, 0, 3],
			"to": [12, 0.5, 15],
			"faces": {
				"north": {"uv": [12, 3, 11.5, 3.5], "texture": "#0"},
				"east": {"uv": [11.5, 3, 12, 15], "rotation": 90, "texture": "#0"},
				"south": {"uv": [11.5, 14.5, 12, 15], "texture": "#0"},
				"west": {"uv": [11.5, 3, 12, 15], "rotation": 270, "texture": "#0"},
				"up": {"uv": [11.5, 3, 12, 15], "texture": "#0"},
				"down": {"uv": [11.5, 15, 12, 3], "texture": "#0"}
			}
		},
		{
			"name": "cell_7",
			"from": [3.5, 0, 3.5],
			"to": [4, 0.5, 15],
			"faces": {
				"north": {"uv": [4, 3.5, 3.5, 4], "texture": "#0"},
				"east": {"uv": [3.5, 3.5, 4, 15], "rotation": 90, "texture": "#0"},
				"south": {"uv": [3.5, 14.5, 4, 15], "texture": "#0"},
				"west": {"uv": [3.5, 3.5, 4, 15], "rotation": 270, "texture": "#0"},
				"up": {"uv": [3.5, 3.5, 4, 15], "texture": "#0"},
				"down": {"uv": [3.5, 15, 4, 3.5], "texture": "#0"}
			}
		},
		{
			"name": "cell_8",
			"from": [12, 0, 3.5],
			"to": [12.5, 0.5, 15],
			"faces": {
				"north": {"uv": [12.5, 3.5, 12, 4], "texture": "#0"},
				"east": {"uv": [12, 3.5, 12.5, 15], "rotation": 90, "texture": "#0"},
				"south": {"uv": [12, 14.5, 12.5, 15], "texture": "#0"},
				"west": {"uv": [12, 3.5, 12.5, 15], "rotation": 270, "texture": "#0"},
				"up": {"uv": [12, 3.5, 12.5, 15], "texture": "#0"},
				"down": {"uv": [12, 15, 12.5, 3.5], "texture": "#0"}
			}
		},
		{
			"name": "cell_9",
			"from": [3, 0, 4],
			"to": [3.5, 0.5, 14.5],
			"faces": {
				"north": {"uv": [3.5, 4, 3, 4.5], "texture": "#0"},
				"east": {"uv": [3, 4, 3.5, 14.5], "rotation": 90, "texture": "#0"},
				"south": {"uv": [3, 14, 3.5, 14.5], "texture": "#0"},
				"west": {"uv": [3, 4, 3.5, 14.5], "rotation": 270, "texture": "#0"},
				"up": {"uv": [3, 4, 3.5, 14.5], "texture": "#0"},
				"down": {"uv": [3, 14.5, 3.5, 4], "texture": "#0"}
			}
		},
		{
			"name": "cell_10",
			"from": [12.5, 0, 4],
			"to": [13, 0.5, 14.5],
			"faces": {
				"north": {"uv": [13, 4, 12.5, 4.5], "texture": "#0"},
				"east": {"uv": [12.5, 4, 13, 14.5], "rotation": 90, "texture": "#0"},
				"south": {"uv": [12.5, 14, 13, 14.5], "texture": "#0"},
				"west": {"uv": [12.5, 4, 13, 14.5], "rotation": 270, "texture": "#0"},
				"up": {"uv": [12.5, 4, 13, 14.5], "texture": "#0"},
				"down": {"uv": [12.5, 14.5, 13, 4], "texture": "#0"}
			}
		},
		{
			"name": "cell_11",
			"from": [2.5, 0, 4.5],
			"to": [3, 0.5, 14],
			"faces": {
				"north": {"uv": [3, 4.5, 2.5, 5], "texture": "#0"},
				"east": {"uv": [2.5, 4.5, 3, 14], "rotation": 90, "texture": "#0"},
				"south": {"uv": [2.5, 13.5, 3, 14], "texture": "#0"},
				"west": {"uv": [2.5, 4.5, 3, 14], "rotation": 270, "texture": "#0"},
				"up": {"uv": [2.5, 4.5, 3, 14], "texture": "#0"},
				"down": {"uv": [2.5, 14, 3, 4.5], "texture": "#0"}
			}
		},
		{
			"name": "cell_12",
			"from": [13, 0, 4.5],
			"to": [13.5, 0.5, 14],
			"faces": {
				"north": {"uv": [13.5, 4.5, 13, 5], "texture": "#0"},
				"east": {"uv": [13, 4.5, 13.5, 14], "rotation": 90, "texture": "#0"},
				"south": {"uv": [13, 13.5, 13.5, 14], "texture": "#0"},
				"west": {"uv": [13, 4.5, 13.5, 14], "rotation": 270, "texture": "#0"},
				"up": {"uv": [13, 4.5, 13.5, 14], "texture": "#0"},
				"down": {"uv": [13, 14, 13.5, 4.5], "texture": "#0"}
			}
		},
		{
			"name": "cell_13",
			"from": [5.5, 0, 15.5],
			"to": [7, 0.5, 16],
			"faces": {
				"north": {"uv": [7, 15.5, 5.5, 16], "texture": "#0"},
				"east": {"uv": [6.5, 15.5, 7, 16], "rotation": 90, "texture": "#0"},
				"south": {"uv": [5.5, 15.5, 7, 16], "texture": "#0"},
				"west": {"uv": [5.5, 15.5, 6, 16], "rotation": 270, "texture": "#0"},
				"up": {"uv": [5.5, 15.5, 7, 16], "texture": "#0"},
				"down": {"uv": [5.5, 16, 7, 15.5], "texture": "#0"}
			}
		},
		{
			"name": "cell_14",
			"from": [9, 0, 15.5],
			"to": [10.5, 0.5, 16],
			"faces": {
				"north": {"uv": [10.5, 15.5, 9, 16], "texture": "#0"},
				"east": {"uv": [10, 15.5, 10.5, 16], "rotation": 90, "texture": "#0"},
				"south": {"uv": [9, 15.5, 10.5, 16], "texture": "#0"},
				"west": {"uv": [9, 15.5, 9.5, 16], "rotation": 270, "texture": "#0"},
				"up": {"uv": [9, 15.5, 10.5, 16], "texture": "#0"},
				"down": {"uv": [9, 16, 10.5, 15.5], "texture": "#0"}
			}
		}
	],
	"display": {
		"thirdperson_righthand": {
			"rotation": [4, -102, 4],
			"translation": [-4.5, 31, 1.5],
			"scale": [0.8, 4, 0.8]
		},
		"firstperson_righthand": {
			"rotation": [-26, -132, -88],
			"translation": [-24, 14, 21.5],
			"scale": [0.79, 4, 0.79]
		},
		"firstperson_lefthand": {
			"rotation": [140, -55, 71],
			"translation": [-20, 12, 26],
			"scale": [0.74, 4, 0.74]
		},
		"ground": {
			"rotation": [90, 0, 0],
			"translation": [0, 4, 30],
			"scale": [1, 4, 1]
		},
		"gui": {
			"rotation": [90, 0, 0]
		},
		"fixed": {
			"rotation": [90, 0, 0],
			"translation": [0, 0, 7.5]
		}
	},
	"groups": [
		{
			"name": "cell",
			"origin": [8, 8, 8],
			"children": [0, 1, 2, 3, 4, 5, 6, 7, 8, 9, 10, 11, 12, 13, 14]
		}
	]
}