{
	"credit": "Made with Blockbench",
	"textures": {
		"0": "items/1280",
		"particle": "items/1280"
	},
	"elements": [
		{
			"name": "battery_0",
			"from": [7.5, 0, 1.5],
			"to": [8.5, 0.5, 16],
			"faces": {
				"north": {"uv": [8.5, 1.5, 7.5, 2], "texture": "#0"},
				"east": {"uv": [8, 1.5, 8.5, 16], "rotation": 90, "texture": "#0"},
				"south": {"uv": [7.5, 15.5, 8.5, 16], "texture": "#0"},
				"west": {"uv": [7.5, 1.5, 8, 16], "rotation": 270, "texture": "#0"},
				"up": {"uv": [7.5, 1.5, 8.5, 16], "texture": "#0"},
				"down": {"uv": [7.5, 16, 8.5, 1.5], "texture": "#0"}
			}
		},
		{
			"name": "battery_1",
			"from": [6.5, 0, 2],
			"to": [7.5, 0.5, 16],
			"faces": {
				"north": {"uv": [7.5, 2, 6.5, 2.5], "texture": "#0"},
				"east": {"uv": [7, 2, 7.5, 16], "rotation": 90, "texture": "#0"},
				"south": {"uv": [6.5, 15.5, 7.5, 16], "texture": "#0"},
				"west": {"uv": [6.5, 2, 7, 16], "rotation": 270, "texture": "#0"},
				"up": {"uv": [6.5, 2, 7.5, 16], "texture": "#0"},
				"down": {"uv": [6.5, 16, 7.5, 2], "texture": "#0"}
			}
		},
		{
			"name": "battery_2",
			"from": [8.5, 0, 2],
			"to": [9.5, 0.5, 16],
			"faces": {
				"north": {"uv": [9.5, 2, 8.5, 2.5], "texture": "#0"},
				"east": {"uv": [9, 2, 9.5, 16], "rotation": 90, "texture": "#0"},
				"south": {"uv": [8.5, 15.5, 9.5, 16], "texture": "#0"},
				"west": {"uv": [8.5, 2, 9, 16], "rotation": 270, "texture": "#0"},
				"up": {"uv": [8.5, 2, 9.5, 16], "texture": "#0"},
				"down": {"uv": [8.5, 16, 9.5, 2], "texture": "#0"}
			}
		},
		{
			"name": "battery_3",
			"from": [6, 0, 2.5],
			"to": [6.5, 0.5, 16],
			"faces": {
				"north": {"uv": [6.5, 2.5, 6, 3], "texture": "#0"},
				"east": {"uv": [6, 2.5, 6.5, 16], "rotation": 90, "texture": "#0"},
				"south": {"uv": [6, 15.5, 6.5, 16], "texture": "#0"},
				"west": {"uv": [6, 2.5, 6.5, 16], "rotation": 270, "texture": "#0"},
				"up": {"uv": [6, 2.5, 6.5, 16], "texture": "#0"},
				"down": {"uv": [6, 16, 6.5, 2.5], "texture": "#0"}
			}
		},
		{
			"name": "battery_4",
			"from": [9.5, 0, 2.5],
			"to": [10, 0.5, 16],
			"faces": {
				"north": {"uv": [10, 2.5, 9.5, 3], "texture": "#0"},
				"east": {"uv": [9.5, 2.5, 10, 16], "rotation": 90, "texture": "#0"},
				"south": {"uv": [9.5, 15.5, 10, 16], "texture": "#0"},
				"west": {"uv": [9.5, 2.5, 10, 16], "rotation": 270, "texture": "#0"},
				"up": {"uv": [9.5, 2.5, 10, 16], "texture": "#0"},
				"down": {"uv": [9.5, 16, 10, 2.5], "texture": "#0"}
			}
		},
		{
			"name": "battery_5",
			"from": [5.5, 0, 3],
			"to": [6, 0.5, 16],
			"faces": {
				"north": {"uv": [6, 3, 5.5, 3.5], "texture": "#0"},
				"east": {"uv": [5.5, 3, 6, 16], "rotation": 90, "texture": "#0"},
				"south": {"uv": [5.5, 15.5, 6, 16], "texture": "#0"},
				"west": {"uv": [5.5, 3, 6, 16], "rotation": 270, "texture": "#0"},
				"up": {"uv": [5.5, 3, 6, 16], "texture": "#0"},
				"down": {"uv": [5.5, 16, 6, 3], "texture": "#0"}
			}
		},
		{
			"name": "battery_6",
			"from": [10, 0, 3],
			"to": [10.5, 0.5, 16],
			"faces": {
				"north": {"uv": [10.5, 3, 10, 3.5], "texture": "#0"},
				"east": {"uv": [10, 3, 10.5, 16], "rotation": 90, "texture": "#0"},
				"south": {"uv": [10, 15.5, 10.5, 16], "texture": "#0"},
				"west": {"uv": [10, 3, 10.5, 16], "rotation": 270, "texture": "#0"},
				"up": {"uv": [10, 3, 10.5, 16], "texture": "#0"},
				"down": {"uv": [10, 16, 10.5, 3], "texture": "#0"}
			}
		},
		{
			"name": "battery_7",
			"from": [5, 0, 3.5],
			"to": [5.5, 0.5, 16],
			"faces": {
				"north": {"uv": [5.5, 3.5, 5, 4], "texture": "#0"},
				"east": {"uv": [5, 3.5, 5.5, 16], "rotation": 90, "texture": "#0"},
				"south": {"uv": [5, 15.5, 5.5, 16], "texture": "#0"},
				"west": {"uv": [5, 3.5, 5.5, 16], "rotation": 270, "texture": "#0"},
				"up": {"uv": [5, 3.5, 5.5, 16], "texture": "#0"},
				"down": {"uv": [5, 16, 5.5, 3.5], "texture": "#0"}
			}
		},
		{
			"name": "battery_8",
			"from": [10.5, 0, 3.5],
			"to": [11, 0.5, 16],
			"faces": {
				"north": {"uv": [11, 3.5, 10.5, 4], "texture": "#0"},
				"east": {"uv": [10.5, 3.5, 11, 16], "rotation": 90, "texture": "#0"},
				"south": {"uv": [10.5, 15.5, 11, 16], "texture": "#0"},
				"west": {"uv": [10.5, 3.5, 11, 16], "rotation": 270, "texture": "#0"},
				"up": {"uv": [10.5, 3.5, 11, 16], "texture": "#0"},
				"down": {"uv": [10.5, 16, 11, 3.5], "texture": "#0"}
			}
		},
		{
			"name": "battery_9",
			"from": [4.5, 0, 4],
			"to": [5, 0.5, 11.5],
			"faces": {
				"north": {"uv": [5, 4, 4.5, 4.5], "texture": "#0"},
				"east": {"uv": [4.5, 4, 5, 11.5], "rotation": 90, "texture": "#0"},
				"south": {"uv": [4.5, 11, 5, 11.5], "texture": "#0"},
				"west": {"uv": [4.5, 4, 5, 11.5], "rotation": 270, "texture": "#0"},
				"up": {"uv": [4.5, 4, 5, 11.5], "texture": "#0"},
				"down": {"uv": [4.5, 11.5, 5, 4], "texture": "#0"}
			}
		},
		{
			"name": "battery_10",
			"from": [11, 0, 4],
			"to": [11.5, 0.5, 11.5],
			"faces": {
				"north": {"uv": [11.5, 4, 11, 4.5], "texture": "#0"},
				"east": {"uv": [11, 4, 11.5, 11.5], "rotation": 90, "texture": "#0"},
				"south": {"uv": [11, 11, 11.5, 11.5], "texture": "#0"},
				"west": {"uv": [11, 4, 11.5, 11.5], "rotation": 270, "texture": "#0"},
				"up": {"uv": [11, 4, 11.5, 11.5], "texture": "#0"},
				"down": {"uv": [11, 11.5, 11.5, 4], "texture": "#0"}
			}
		},
		{
			"name": "battery_11",
			"from": [4.5, 0, 14.5],
			"to": [5, 0.5, 15.5],
			"faces": {
				"north": {"uv": [5, 14.5, 4.5, 15], "texture": "#0"},
				"east": {"uv": [4.5, 14.5, 5, 15.5], "rotation": 90, "texture": "#0"},
				"south": {"uv": [4.5, 15, 5, 15.5], "texture": "#0"},
				"west": {"uv": [4.5, 14.5, 5, 15.5], "rotation": 270, "texture": "#0"},
				"up": {"uv": [4.5, 14.5, 5, 15.5], "texture": "#0"},
				"down": {"uv": [4.5, 15.5, 5, 14.5], "texture": "#0"}
			}
		},
		{
			"name": "battery_12",
			"from": [11, 0, 14.5],
			"to": [11.5, 0.5, 15.5],
			"faces": {
				"north": {"uv": [11.5, 14.5, 11, 15], "texture": "#0"},
				"east": {"uv": [11, 14.5, 11.5, 15.5], "rotation": 90, "texture": "#0"},
				"south": {"uv": [11, 15, 11.5, 15.5], "texture": "#0"},
				"west": {"uv": [11, 14.5, 11.5, 15.5], "rotation": 270, "texture": "#0"},
				"up": {"uv": [11, 14.5, 11.5, 15.5], "texture": "#0"},
				"down": {"uv": [11, 15.5, 11.5, 14.5], "texture": "#0"}
			}
		}
	],
	"display": {
		"thirdperson_righthand": {
			"rotation": [4, -102, 4],
			"translation": [-4.5, 31, 1.5],
			"scale": [0.98, 4, 1.06]
		},
		"thirdperson_lefthand": {
			"rotation": [0, -102, 0],
			"translation": [-4.75, 31.5, 0],
			"scale": [1, 4, 1]
		},
		"firstperson_righthand": {
			"rotation": [-26, -132, -89],
			"translation": [-26, 15, 21.5],
			"scale": [0.99, 4, 1]
		},
		"firstperson_lefthand": {
			"rotation": [140, -55, 71],
			"translation": [-21.5, 12, 26],
			"scale": [1, 4, 1]
		},
		"ground": {
			"rotation": [90, 0, 0],
			"translation": [0, 0, 20.75],
			"scale": [0.5, 2.47, 0.5]
		},
		"gui": {
			"rotation": [90, 0, 0]
		},
		"head": {
			"rotation": [90, 0, 0],
			"translation": [0, 13.75, 37.25],
			"scale": [1, 4, 1]
		},
		"fixed": {
			"rotation": [90, 0, 0],
			"translation": [0, -0.5, 6.75]
		}
	},
	"groups": [
		{
			"name": "battery",
			"origin": [8, 8, 8],
			"children": [0, 1, 2, 3, 4, 5, 6, 7, 8, 9, 10, 11, 12]
		}
	]
}