{
	"credit": "Made with Blockbench",
	"textures": {
		"0": "items/1316",
		"particle": "items/1316"
	},
	"elements": [
		{
			"name": "anzio_0",
			"from": [0, 0, 0],
			"to": [1, 0.5, 0.5],
			"faces": {
				"north": {"uv": [1, 0, 0, 0.5], "texture": "#0"},
				"east": {"uv": [0.5, 0, 1, 0.5], "rotation": 90, "texture": "#0"},
				"south": {"uv": [0, 0, 1, 0.5], "texture": "#0"},
				"west": {"uv": [0, 0, 0.5, 0.5], "rotation": 270, "texture": "#0"},
				"up": {"uv": [0, 0, 1, 0.5], "texture": "#0"},
				"down": {"uv": [0, 0.5, 1, 0], "texture": "#0"}
			}
		},
		{
			"name": "anzio_1",
			"from": [0, 0, 0.5],
			"to": [0.5, 0.5, 1],
			"faces": {
				"north": {"uv": [0.5, 0.5, 0, 1], "texture": "#0"},
				"east": {"uv": [0, 0.5, 0.5, 1], "rotation": 90, "texture": "#0"},
				"south": {"uv": [0, 0.5, 0.5, 1], "texture": "#0"},
				"west": {"uv": [0, 0.5, 0.5, 1], "rotation": 270, "texture": "#0"},
				"up": {"uv": [0, 0.5, 0.5, 1], "texture": "#0"},
				"down": {"uv": [0, 1, 0.5, 0.5], "texture": "#0"}
			}
		},
		{
			"name": "anzio_2",
			"from": [1, 0, 0.5],
			"to": [1.5, 0.5, 2],
			"faces": {
				"north": {"uv": [1.5, 0.5, 1, 1], "texture": "#0"},
				"east": {"uv": [1, 0.5, 1.5, 2], "rotation": 90, "texture": "#0"},
				"south": {"uv": [1, 1.5, 1.5, 2], "texture": "#0"},
				"west": {"uv": [1, 0.5, 1.5, 2], "rotation": 270, "texture": "#0"},
				"up": {"uv": [1, 0.5, 1.5, 2], "texture": "#0"},
				"down": {"uv": [1, 2, 1.5, 0.5], "texture": "#0"}
			}
		},
		{
			"name": "anzio_3",
			"from": [0.5, 0, 1],
			"to": [1, 0.5, 1.5],
			"faces": {
				"north": {"uv": [1, 1, 0.5, 1.5], "texture": "#0"},
				"east": {"uv": [0.5, 1, 1, 1.5], "rotation": 90, "texture": "#0"},
				"south": {"uv": [0.5, 1, 1, 1.5], "texture": "#0"},
				"west": {"uv": [0.5, 1, 1, 1.5], "rotation": 270, "texture": "#0"},
				"up": {"uv": [0.5, 1, 1, 1.5], "texture": "#0"},
				"down": {"uv": [0.5, 1.5, 1, 1], "texture": "#0"}
			}
		},
		{
			"name": "anzio_4",
			"from": [1.5, 0, 1],
			"to": [2, 0.5, 2.5],
			"faces": {
				"north": {"uv": [2, 1, 1.5, 1.5], "texture": "#0"},
				"east": {"uv": [1.5, 1, 2, 2.5], "rotation": 90, "texture": "#0"},
				"south": {"uv": [1.5, 2, 2, 2.5], "texture": "#0"},
				"west": {"uv": [1.5, 1, 2, 2.5], "rotation": 270, "texture": "#0"},
				"up": {"uv": [1.5, 1, 2, 2.5], "texture": "#0"},
				"down": {"uv": [1.5, 2.5, 2, 1], "texture": "#0"}
			}
		},
		{
			"name": "anzio_5",
			"from": [2, 0, 1.5],
			"to": [2.5, 0.5, 3],
			"faces": {
				"north": {"uv": [2.5, 1.5, 2, 2], "texture": "#0"},
				"east": {"uv": [2, 1.5, 2.5, 3], "rotation": 90, "texture": "#0"},
				"south": {"uv": [2, 2.5, 2.5, 3], "texture": "#0"},
				"west": {"uv": [2, 1.5, 2.5, 3], "rotation": 270, "texture": "#0"},
				"up": {"uv": [2, 1.5, 2.5, 3], "texture": "#0"},
				"down": {"uv": [2, 3, 2.5, 1.5], "texture": "#0"}
			}
		},
		{
			"name": "anzio_6",
			"from": [2.5, 0, 2],
			"to": [3, 0.5, 3.5],
			"faces": {
				"north": {"uv": [3, 2, 2.5, 2.5], "texture": "#0"},
				"east": {"uv": [2.5, 2, 3, 3.5], "rotation": 90, "texture": "#0"},
				"south": {"uv": [2.5, 3, 3, 3.5], "texture": "#0"},
				"west": {"uv": [2.5, 2, 3, 3.5], "rotation": 270, "texture": "#0"},
				"up": {"uv": [2.5, 2, 3, 3.5], "texture": "#0"},
				"down": {"uv": [2.5, 3.5, 3, 2], "texture": "#0"}
			}
		},
		{
			"name": "anzio_7",
			"from": [3, 0, 2.5],
			"to": [3.5, 0.5, 4],
			"faces": {
				"north": {"uv": [3.5, 2.5, 3, 3], "texture": "#0"},
				"east": {"uv": [3, 2.5, 3.5, 4], "rotation": 90, "texture": "#0"},
				"south": {"uv": [3, 3.5, 3.5, 4], "texture": "#0"},
				"west": {"uv": [3, 2.5, 3.5, 4], "rotation": 270, "texture": "#0"},
				"up": {"uv": [3, 2.5, 3.5, 4], "texture": "#0"},
				"down": {"uv": [3, 4, 3.5, 2.5], "texture": "#0"}
			}
		},
		{
			"name": "anzio_8",
			"from": [3.5, 0, 3],
			"to": [4, 0.5, 5],
			"faces": {
				"north": {"uv": [4, 3, 3.5, 3.5], "texture": "#0"},
				"east": {"uv": [3.5, 3, 4, 5], "rotation": 90, "texture": "#0"},
				"south": {"uv": [3.5, 4.5, 4, 5], "texture": "#0"},
				"west": {"uv": [3.5, 3, 4, 5], "rotation": 270, "texture": "#0"},
				"up": {"uv": [3.5, 3, 4, 5], "texture": "#0"},
				"down": {"uv": [3.5, 5, 4, 3], "texture": "#0"}
			}
		},
		{
			"name": "anzio_9",
			"from": [4, 0, 3.5],
			"to": [5, 0.5, 5.5],
			"faces": {
				"north": {"uv": [5, 3.5, 4, 4], "texture": "#0"},
				"east": {"uv": [4.5, 3.5, 5, 5.5], "rotation": 90, "texture": "#0"},
				"south": {"uv": [4, 5, 5, 5.5], "texture": "#0"},
				"west": {"uv": [4, 3.5, 4.5, 5.5], "rotation": 270, "texture": "#0"},
				"up": {"uv": [4, 3.5, 5, 5.5], "texture": "#0"},
				"down": {"uv": [4, 5.5, 5, 3.5], "texture": "#0"}
			}
		},
		{
			"name": "anzio_10",
			"from": [5, 0, 4],
			"to": [5.5, 0.5, 7.5],
			"faces": {
				"north": {"uv": [5.5, 4, 5, 4.5], "texture": "#0"},
				"east": {"uv": [5, 4, 5.5, 7.5], "rotation": 90, "texture": "#0"},
				"south": {"uv": [5, 7, 5.5, 7.5], "texture": "#0"},
				"west": {"uv": [5, 4, 5.5, 7.5], "rotation": 270, "texture": "#0"},
				"up": {"uv": [5, 4, 5.5, 7.5], "texture": "#0"},
				"down": {"uv": [5, 7.5, 5.5, 4], "texture": "#0"}
			}
		},
		{
			"name": "anzio_11",
			"from": [5.5, 0, 4.5],
			"to": [6, 0.5, 7],
			"faces": {
				"north": {"uv": [6, 4.5, 5.5, 5], "texture": "#0"},
				"east": {"uv": [5.5, 4.5, 6, 7], "rotation": 90, "texture": "#0"},
				"south": {"uv": [5.5, 6.5, 6, 7], "texture": "#0"},
				"west": {"uv": [5.5, 4.5, 6, 7], "rotation": 270, "texture": "#0"},
				"up": {"uv": [5.5, 4.5, 6, 7], "texture": "#0"},
				"down": {"uv": [5.5, 7, 6, 4.5], "texture": "#0"}
			}
		},
		{
			"name": "anzio_12",
			"from": [6, 0, 5],
			"to": [6.5, 0.5, 7.5],
			"faces": {
				"north": {"uv": [6.5, 5, 6, 5.5], "texture": "#0"},
				"east": {"uv": [6, 5, 6.5, 7.5], "rotation": 90, "texture": "#0"},
				"south": {"uv": [6, 7, 6.5, 7.5], "texture": "#0"},
				"west": {"uv": [6, 5, 6.5, 7.5], "rotation": 270, "texture": "#0"},
				"up": {"uv": [6, 5, 6.5, 7.5], "texture": "#0"},
				"down": {"uv": [6, 7.5, 6.5, 5], "texture": "#0"}
			}
		},
		{
			"name": "anzio_13",
			"from": [4.5, 0, 5.5],
			"to": [5, 0.5, 6],
			"faces": {
				"north": {"uv": [5, 5.5, 4.5, 6], "texture": "#0"},
				"east": {"uv": [4.5, 5.5, 5, 6], "rotation": 90, "texture": "#0"},
				"south": {"uv": [4.5, 5.5, 5, 6], "texture": "#0"},
				"west": {"uv": [4.5, 5.5, 5, 6], "rotation": 270, "texture": "#0"},
				"up": {"uv": [4.5, 5.5, 5, 6], "texture": "#0"},
				"down": {"uv": [4.5, 6, 5, 5.5], "texture": "#0"}
			}
		},
		{
			"name": "anzio_14",
			"from": [6.5, 0, 5.5],
			"to": [7, 0.5, 8],
			"faces": {
				"north": {"uv": [7, 5.5, 6.5, 6], "texture": "#0"},
				"east": {"uv": [6.5, 5.5, 7, 8], "rotation": 90, "texture": "#0"},
				"south": {"uv": [6.5, 7.5, 7, 8], "texture": "#0"},
				"west": {"uv": [6.5, 5.5, 7, 8], "rotation": 270, "texture": "#0"},
				"up": {"uv": [6.5, 5.5, 7, 8], "texture": "#0"},
				"down": {"uv": [6.5, 8, 7, 5.5], "texture": "#0"}
			}
		},
		{
			"name": "anzio_15",
			"from": [4, 0, 6],
			"to": [4.5, 0.5, 6.5],
			"faces": {
				"north": {"uv": [4.5, 6, 4, 6.5], "texture": "#0"},
				"east": {"uv": [4, 6, 4.5, 6.5], "rotation": 90, "texture": "#0"},
				"south": {"uv": [4, 6, 4.5, 6.5], "texture": "#0"},
				"west": {"uv": [4, 6, 4.5, 6.5], "rotation": 270, "texture": "#0"},
				"up": {"uv": [4, 6, 4.5, 6.5], "texture": "#0"},
				"down": {"uv": [4, 6.5, 4.5, 6], "texture": "#0"}
			}
		},
		{
			"name": "anzio_16",
			"from": [7, 0, 6],
			"to": [7.5, 0.5, 11.5],
			"faces": {
				"north": {"uv": [7.5, 6, 7, 6.5], "texture": "#0"},
				"east": {"uv": [7, 6, 7.5, 11.5], "rotation": 90, "texture": "#0"},
				"south": {"uv": [7, 11, 7.5, 11.5], "texture": "#0"},
				"west": {"uv": [7, 6, 7.5, 11.5], "rotation": 270, "texture": "#0"},
				"up": {"uv": [7, 6, 7.5, 11.5], "texture": "#0"},
				"down": {"uv": [7, 11.5, 7.5, 6], "texture": "#0"}
			}
		},
		{
			"name": "anzio_17",
			"from": [8.5, 0, 6],
			"to": [9.5, 0.5, 7],
			"faces": {
				"north": {"uv": [9.5, 6, 8.5, 6.5], "texture": "#0"},
				"east": {"uv": [9, 6, 9.5, 7], "rotation": 90, "texture": "#0"},
				"south": {"uv": [8.5, 6.5, 9.5, 7], "texture": "#0"},
				"west": {"uv": [8.5, 6, 9, 7], "rotation": 270, "texture": "#0"},
				"up": {"uv": [8.5, 6, 9.5, 7], "texture": "#0"},
				"down": {"uv": [8.5, 7, 9.5, 6], "texture": "#0"}
			}
		},
		{
			"name": "anzio_18",
			"from": [3.5, 0, 6.5],
			"to": [4, 0.5, 7.5],
			"faces": {
				"north": {"uv": [4, 6.5, 3.5, 7], "texture": "#0"},
				"east": {"uv": [3.5, 6.5, 4, 7.5], "rotation": 90, "texture": "#0"},
				"south": {"uv": [3.5, 7, 4, 7.5], "texture": "#0"},
				"west": {"uv": [3.5, 6.5, 4, 7.5], "rotation": 270, "texture": "#0"},
				"up": {"uv": [3.5, 6.5, 4, 7.5], "texture": "#0"},
				"down": {"uv": [3.5, 7.5, 4, 6.5], "texture": "#0"}
			}
		},
		{
			"name": "anzio_19",
			"from": [7.5, 0, 6.5],
			"to": [8, 0.5, 12],
			"faces": {
				"north": {"uv": [8, 6.5, 7.5, 7], "texture": "#0"},
				"east": {"uv": [7.5, 6.5, 8, 12], "rotation": 90, "texture": "#0"},
				"south": {"uv": [7.5, 11.5, 8, 12], "texture": "#0"},
				"west": {"uv": [7.5, 6.5, 8, 12], "rotation": 270, "texture": "#0"},
				"up": {"uv": [7.5, 6.5, 8, 12], "texture": "#0"},
				"down": {"uv": [7.5, 12, 8, 6.5], "texture": "#0"}
			}
		},
		{
			"name": "anzio_20",
			"from": [9.5, 0, 6.5],
			"to": [10, 0.5, 13.5],
			"faces": {
				"north": {"uv": [10, 6.5, 9.5, 7], "texture": "#0"},
				"east": {"uv": [9.5, 6.5, 10, 13.5], "rotation": 90, "texture": "#0"},
				"south": {"uv": [9.5, 13, 10, 13.5], "texture": "#0"},
				"west": {"uv": [9.5, 6.5, 10, 13.5], "rotation": 270, "texture": "#0"},
				"up": {"uv": [9.5, 6.5, 10, 13.5], "texture": "#0"},
				"down": {"uv": [9.5, 13.5, 10, 6.5], "texture": "#0"}
			}
		},
		{
			"name": "anzio_21",
			"from": [8, 0, 7],
			"to": [8.5, 0.5, 11.5],
			"faces": {
				"north": {"uv": [8.5, 7, 8, 7.5], "texture": "#0"},
				"east": {"uv": [8, 7, 8.5, 11.5], "rotation": 90, "texture": "#0"},
				"south": {"uv": [8, 11, 8.5, 11.5], "texture": "#0"},
				"west": {"uv": [8, 7, 8.5, 11.5], "rotation": 270, "texture": "#0"},
				"up": {"uv": [8, 7, 8.5, 11.5], "texture": "#0"},
				"down": {"uv": [8, 11.5, 8.5, 7], "texture": "#0"}
			}
		},
		{
			"name": "anzio_22",
			"from": [9, 0, 7],
			"to": [9.5, 0.5, 13.5],
			"faces": {
				"north": {"uv": [9.5, 7, 9, 7.5], "texture": "#0"},
				"east": {"uv": [9, 7, 9.5, 13.5], "rotation": 90, "texture": "#0"},
				"south": {"uv": [9, 13, 9.5, 13.5], "texture": "#0"},
				"west": {"uv": [9, 7, 9.5, 13.5], "rotation": 270, "texture": "#0"},
				"up": {"uv": [9, 7, 9.5, 13.5], "texture": "#0"},
				"down": {"uv": [9, 13.5, 9.5, 7], "texture": "#0"}
			}
		},
		{
			"name": "anzio_23",
			"from": [3, 0, 7.5],
			"to": [3.5, 0.5, 8.5],
			"faces": {
				"north": {"uv": [3.5, 7.5, 3, 8], "texture": "#0"},
				"east": {"uv": [3, 7.5, 3.5, 8.5], "rotation": 90, "texture": "#0"},
				"south": {"uv": [3, 8, 3.5, 8.5], "texture": "#0"},
				"west": {"uv": [3, 7.5, 3.5, 8.5], "rotation": 270, "texture": "#0"},
				"up": {"uv": [3, 7.5, 3.5, 8.5], "texture": "#0"},
				"down": {"uv": [3, 8.5, 3.5, 7.5], "texture": "#0"}
			}
		},
		{
			"name": "anzio_24",
			"from": [5.5, 0, 7.5],
			"to": [6, 0.5, 8],
			"faces": {
				"north": {"uv": [6, 7.5, 5.5, 8], "texture": "#0"},
				"east": {"uv": [5.5, 7.5, 6, 8], "rotation": 90, "texture": "#0"},
				"south": {"uv": [5.5, 7.5, 6, 8], "texture": "#0"},
				"west": {"uv": [5.5, 7.5, 6, 8], "rotation": 270, "texture": "#0"},
				"up": {"uv": [5.5, 7.5, 6, 8], "texture": "#0"},
				"down": {"uv": [5.5, 8, 6, 7.5], "texture": "#0"}
			}
		},
		{
			"name": "anzio_25",
			"from": [8.5, 0, 7.5],
			"to": [9, 0.5, 11],
			"faces": {
				"north": {"uv": [9, 7.5, 8.5, 8], "texture": "#0"},
				"east": {"uv": [8.5, 7.5, 9, 11], "rotation": 90, "texture": "#0"},
				"south": {"uv": [8.5, 10.5, 9, 11], "texture": "#0"},
				"west": {"uv": [8.5, 7.5, 9, 11], "rotation": 270, "texture": "#0"},
				"up": {"uv": [8.5, 7.5, 9, 11], "texture": "#0"},
				"down": {"uv": [8.5, 11, 9, 7.5], "texture": "#0"}
			}
		},
		{
			"name": "anzio_26",
			"from": [10, 0, 7.5],
			"to": [10.5, 0.5, 12.5],
			"faces": {
				"north": {"uv": [10.5, 7.5, 10, 8], "texture": "#0"},
				"east": {"uv": [10, 7.5, 10.5, 12.5], "rotation": 90, "texture": "#0"},
				"south": {"uv": [10, 12, 10.5, 12.5], "texture": "#0"},
				"west": {"uv": [10, 7.5, 10.5, 12.5], "rotation": 270, "texture": "#0"},
				"up": {"uv": [10, 7.5, 10.5, 12.5], "texture": "#0"},
				"down": {"uv": [10, 12.5, 10.5, 7.5], "texture": "#0"}
			}
		},
		{
			"name": "anzio_27",
			"from": [10.5, 0, 8],
			"to": [11, 0.5, 12],
			"faces": {
				"north": {"uv": [11, 8, 10.5, 8.5], "texture": "#0"},
				"east": {"uv": [10.5, 8, 11, 12], "rotation": 90, "texture": "#0"},
				"south": {"uv": [10.5, 11.5, 11, 12], "texture": "#0"},
				"west": {"uv": [10.5, 8, 11, 12], "rotation": 270, "texture": "#0"},
				"up": {"uv": [10.5, 8, 11, 12], "texture": "#0"},
				"down": {"uv": [10.5, 12, 11, 8], "texture": "#0"}
			}
		},
		{
			"name": "anzio_28",
			"from": [11, 0, 8.5],
			"to": [12, 0.5, 9.5],
			"faces": {
				"north": {"uv": [12, 8.5, 11, 9], "texture": "#0"},
				"east": {"uv": [11.5, 8.5, 12, 9.5], "rotation": 90, "texture": "#0"},
				"south": {"uv": [11, 9, 12, 9.5], "texture": "#0"},
				"west": {"uv": [11, 8.5, 11.5, 9.5], "rotation": 270, "texture": "#0"},
				"up": {"uv": [11, 8.5, 12, 9.5], "texture": "#0"},
				"down": {"uv": [11, 9.5, 12, 8.5], "texture": "#0"}
			}
		},
		{
			"name": "anzio_29",
			"from": [6.5, 0, 9],
			"to": [7, 0.5, 11],
			"faces": {
				"north": {"uv": [7, 9, 6.5, 9.5], "texture": "#0"},
				"east": {"uv": [6.5, 9, 7, 11], "rotation": 90, "texture": "#0"},
				"south": {"uv": [6.5, 10.5, 7, 11], "texture": "#0"},
				"west": {"uv": [6.5, 9, 7, 11], "rotation": 270, "texture": "#0"},
				"up": {"uv": [6.5, 9, 7, 11], "texture": "#0"},
				"down": {"uv": [6.5, 11, 7, 9], "texture": "#0"}
			}
		},
		{
			"name": "anzio_30",
			"from": [12, 0, 9],
			"to": [12.5, 0.5, 10],
			"faces": {
				"north": {"uv": [12.5, 9, 12, 9.5], "texture": "#0"},
				"east": {"uv": [12, 9, 12.5, 10], "rotation": 90, "texture": "#0"},
				"south": {"uv": [12, 9.5, 12.5, 10], "texture": "#0"},
				"west": {"uv": [12, 9, 12.5, 10], "rotation": 270, "texture": "#0"},
				"up": {"uv": [12, 9, 12.5, 10], "texture": "#0"},
				"down": {"uv": [12, 10, 12.5, 9], "texture": "#0"}
			}
		},
		{
			"name": "anzio_31",
			"from": [6, 0, 9.5],
			"to": [6.5, 0.5, 10],
			"faces": {
				"north": {"uv": [6.5, 9.5, 6, 10], "texture": "#0"},
				"east": {"uv": [6, 9.5, 6.5, 10], "rotation": 90, "texture": "#0"},
				"south": {"uv": [6, 9.5, 6.5, 10], "texture": "#0"},
				"west": {"uv": [6, 9.5, 6.5, 10], "rotation": 270, "texture": "#0"},
				"up": {"uv": [6, 9.5, 6.5, 10], "texture": "#0"},
				"down": {"uv": [6, 10, 6.5, 9.5], "texture": "#0"}
			}
		},
		{
			"name": "anzio_32",
			"from": [11.5, 0, 9.5],
			"to": [12, 0.5, 10],
			"faces": {
				"north": {"uv": [12, 9.5, 11.5, 10], "texture": "#0"},
				"east": {"uv": [11.5, 9.5, 12, 10], "rotation": 90, "texture": "#0"},
				"south": {"uv": [11.5, 9.5, 12, 10], "texture": "#0"},
				"west": {"uv": [11.5, 9.5, 12, 10], "rotation": 270, "texture": "#0"},
				"up": {"uv": [11.5, 9.5, 12, 10], "texture": "#0"},
				"down": {"uv": [11.5, 10, 12, 9.5], "texture": "#0"}
			}
		},
		{
			"name": "anzio_33",
			"from": [11, 0, 10],
			"to": [11.5, 0.5, 12.5],
			"faces": {
				"north": {"uv": [11.5, 10, 11, 10.5], "texture": "#0"},
				"east": {"uv": [11, 10, 11.5, 12.5], "rotation": 90, "texture": "#0"},
				"south": {"uv": [11, 12, 11.5, 12.5], "texture": "#0"},
				"west": {"uv": [11, 10, 11.5, 12.5], "rotation": 270, "texture": "#0"},
				"up": {"uv": [11, 10, 11.5, 12.5], "texture": "#0"},
				"down": {"uv": [11, 12.5, 11.5, 10], "texture": "#0"}
			}
		},
		{
			"name": "anzio_34",
			"from": [11.5, 0, 10.5],
			"to": [12, 0.5, 15],
			"faces": {
				"north": {"uv": [12, 10.5, 11.5, 11], "texture": "#0"},
				"east": {"uv": [11.5, 10.5, 12, 15], "rotation": 90, "texture": "#0"},
				"south": {"uv": [11.5, 14.5, 12, 15], "texture": "#0"},
				"west": {"uv": [11.5, 10.5, 12, 15], "rotation": 270, "texture": "#0"},
				"up": {"uv": [11.5, 10.5, 12, 15], "texture": "#0"},
				"down": {"uv": [11.5, 15, 12, 10.5], "texture": "#0"}
			}
		},
		{
			"name": "anzio_35",
			"from": [12, 0, 11],
			"to": [12.5, 0.5, 13.5],
			"faces": {
				"north": {"uv": [12.5, 11, 12, 11.5], "texture": "#0"},
				"east": {"uv": [12, 11, 12.5, 13.5], "rotation": 90, "texture": "#0"},
				"south": {"uv": [12, 13, 12.5, 13.5], "texture": "#0"},
				"west": {"uv": [12, 11, 12.5, 13.5], "rotation": 270, "texture": "#0"},
				"up": {"uv": [12, 11, 12.5, 13.5], "texture": "#0"},
				"down": {"uv": [12, 13.5, 12.5, 11], "texture": "#0"}
			}
		},
		{
			"name": "anzio_36",
			"from": [12.5, 0, 11.5],
			"to": [13, 0.5, 14],
			"faces": {
				"north": {"uv": [13, 11.5, 12.5, 12], "texture": "#0"},
				"east": {"uv": [12.5, 11.5, 13, 14], "rotation": 90, "texture": "#0"},
				"south": {"uv": [12.5, 13.5, 13, 14], "texture": "#0"},
				"west": {"uv": [12.5, 11.5, 13, 14], "rotation": 270, "texture": "#0"},
				"up": {"uv": [12.5, 11.5, 13, 14], "texture": "#0"},
				"down": {"uv": [12.5, 14, 13, 11.5], "texture": "#0"}
			}
		},
		{
			"name": "anzio_37",
			"from": [8.5, 0, 12],
			"to": [9, 0.5, 13],
			"faces": {
				"north": {"uv": [9, 12, 8.5, 12.5], "texture": "#0"},
				"east": {"uv": [8.5, 12, 9, 13], "rotation": 90, "texture": "#0"},
				"south": {"uv": [8.5, 12.5, 9, 13], "texture": "#0"},
				"west": {"uv": [8.5, 12, 9, 13], "rotation": 270, "texture": "#0"},
				"up": {"uv": [8.5, 12, 9, 13], "texture": "#0"},
				"down": {"uv": [8.5, 13, 9, 12], "texture": "#0"}
			}
		},
		{
			"name": "anzio_38",
			"from": [13, 0, 12],
			"to": [13.5, 0.5, 14.5],
			"faces": {
				"north": {"uv": [13.5, 12, 13, 12.5], "texture": "#0"},
				"east": {"uv": [13, 12, 13.5, 14.5], "rotation": 90, "texture": "#0"},
				"south": {"uv": [13, 14, 13.5, 14.5], "texture": "#0"},
				"west": {"uv": [13, 12, 13.5, 14.5], "rotation": 270, "texture": "#0"},
				"up": {"uv": [13, 12, 13.5, 14.5], "texture": "#0"},
				"down": {"uv": [13, 14.5, 13.5, 12], "texture": "#0"}
			}
		},
		{
			"name": "anzio_39",
			"from": [13.5, 0, 12.5],
			"to": [14, 0.5, 16],
			"faces": {
				"north": {"uv": [14, 12.5, 13.5, 13], "texture": "#0"},
				"east": {"uv": [13.5, 12.5, 14, 16], "rotation": 90, "texture": "#0"},
				"south": {"uv": [13.5, 15.5, 14, 16], "texture": "#0"},
				"west": {"uv": [13.5, 12.5, 14, 16], "rotation": 270, "texture": "#0"},
				"up": {"uv": [13.5, 12.5, 14, 16], "texture": "#0"},
				"down": {"uv": [13.5, 16, 14, 12.5], "texture": "#0"}
			}
		},
		{
			"name": "anzio_40",
			"from": [14, 0, 13],
			"to": [14.5, 0.5, 16],
			"faces": {
				"north": {"uv": [14.5, 13, 14, 13.5], "texture": "#0"},
				"east": {"uv": [14, 13, 14.5, 16], "rotation": 90, "texture": "#0"},
				"south": {"uv": [14, 15.5, 14.5, 16], "texture": "#0"},
				"west": {"uv": [14, 13, 14.5, 16], "rotation": 270, "texture": "#0"},
				"up": {"uv": [14, 13, 14.5, 16], "texture": "#0"},
				"down": {"uv": [14, 16, 14.5, 13], "texture": "#0"}
			}
		},
		{
			"name": "anzio_41",
			"from": [11, 0, 13.5],
			"to": [11.5, 0.5, 14.5],
			"faces": {
				"north": {"uv": [11.5, 13.5, 11, 14], "texture": "#0"},
				"east": {"uv": [11, 13.5, 11.5, 14.5], "rotation": 90, "texture": "#0"},
				"south": {"uv": [11, 14, 11.5, 14.5], "texture": "#0"},
				"west": {"uv": [11, 13.5, 11.5, 14.5], "rotation": 270, "texture": "#0"},
				"up": {"uv": [11, 13.5, 11.5, 14.5], "texture": "#0"},
				"down": {"uv": [11, 14.5, 11.5, 13.5], "texture": "#0"}
			}
		},
		{
			"name": "anzio_42",
			"from": [14.5, 0, 13.5],
			"to": [15, 0.5, 15.5],
			"faces": {
				"north": {"uv": [15, 13.5, 14.5, 14], "texture": "#0"},
				"east": {"uv": [14.5, 13.5, 15, 15.5], "rotation": 90, "texture": "#0"},
				"south": {"uv": [14.5, 15, 15, 15.5], "texture": "#0"},
				"west": {"uv": [14.5, 13.5, 15, 15.5], "rotation": 270, "texture": "#0"},
				"up": {"uv": [14.5, 13.5, 15, 15.5], "texture": "#0"},
				"down": {"uv": [14.5, 15.5, 15, 13.5], "texture": "#0"}
			}
		},
		{
			"name": "anzio_43",
			"from": [15, 0, 14],
			"to": [15.5, 0.5, 15],
			"faces": {
				"north": {"uv": [15.5, 14, 15, 14.5], "texture": "#0"},
				"east": {"uv": [15, 14, 15.5, 15], "rotation": 90, "texture": "#0"},
				"south": {"uv": [15, 14.5, 15.5, 15], "texture": "#0"},
				"west": {"uv": [15, 14, 15.5, 15], "rotation": 270, "texture": "#0"},
				"up": {"uv": [15, 14, 15.5, 15], "texture": "#0"},
				"down": {"uv": [15, 15, 15.5, 14], "texture": "#0"}
			}
		},
		{
			"name": "anzio_44",
			"from": [12, 0, 14.5],
			"to": [12.5, 0.5, 15.5],
			"faces": {
				"north": {"uv": [12.5, 14.5, 12, 15], "texture": "#0"},
				"east": {"uv": [12, 14.5, 12.5, 15.5], "rotation": 90, "texture": "#0"},
				"south": {"uv": [12, 15, 12.5, 15.5], "texture": "#0"},
				"west": {"uv": [12, 14.5, 12.5, 15.5], "rotation": 270, "texture": "#0"},
				"up": {"uv": [12, 14.5, 12.5, 15.5], "texture": "#0"},
				"down": {"uv": [12, 15.5, 12.5, 14.5], "texture": "#0"}
			}
		},
		{
			"name": "anzio_45",
			"from": [12.5, 0, 15],
			"to": [13.5, 0.5, 16],
			"faces": {
				"north": {"uv": [13.5, 15, 12.5, 15.5], "texture": "#0"},
				"east": {"uv": [13, 15, 13.5, 16], "rotation": 90, "texture": "#0"},
				"south": {"uv": [12.5, 15.5, 13.5, 16], "texture": "#0"},
				"west": {"uv": [12.5, 15, 13, 16], "rotation": 270, "texture": "#0"},
				"up": {"uv": [12.5, 15, 13.5, 16], "texture": "#0"},
				"down": {"uv": [12.5, 16, 13.5, 15], "texture": "#0"}
			}
		}
	],
	"display": {
		"thirdperson_righthand": {
			"rotation": [50, 0, 90],
			"translation": [-22.75, 3.75, -2.25],
			"scale": [1.7, 3, 1.7]
		},
		"thirdperson_lefthand": {
			"rotation": [50, 0, -90],
			"translation": [23.25, 3.5, 0],
			"scale": [1.7, 3, 1.7]
		},
		"firstperson_righthand": {
			"rotation": [55, 7, 90],
			"translation": [-21.75, 2.75, -2.75],
			"scale": [1.7, 3, 1.7]
		},
		"firstperson_lefthand": {
			"rotation": [54, -1.5, -90],
			"translation": [27, 5.75, -6],
			"scale": [1.7, 3, 1.7]
		},
		"ground": {
			"rotation": [90, 21, 0],
			"translation": [5.25, 1, 18.75],
			"scale": [1.2, 1.7, 1.2]
		},
		"gui": {
			"rotation": [90, 0, 0],
			"scale": [1.2, 1, 1.2]
		},
		"head": {
			"rotation": [90, 0, -180],
			"translation": [0.5, -16, -21.5],
			"scale": [2, 3.3, 2]
		},
		"fixed": {
			"rotation": [-90, -180, 0],
			"translation": [0, 0, -26],
			"scale": [1.5, 3.33, 1.5]
		}
	},
	"groups": [
		{
			"name": "anzio",
			"origin": [8, 8, 8],
			"children": [0, 1, 2, 3, 4, 5, 6, 7, 8, 9, 10, 11, 12, 13, 14, 15, 16, 17, 18, 19, 20, 21, 22, 23, 24, 25, 26, 27, 28, 29, 30, 31, 32, 33, 34, 35, 36, 37, 38, 39, 40, 41, 42, 43, 44, 45]
		}
	]
}