{
	"credit": "Made with Blockbench",
	"textures": {
		"0": "items/1355",
		"particle": "items/1355"
	},
	"elements": [
		{
			"name": "1355_0",
			"from": [14, 0, 0.5],
			"to": [15, 0.5, 1.5],
			"faces": {
				"north": {"uv": [15, 0.5, 14, 1], "texture": "#0"},
				"east": {"uv": [14.5, 0.5, 15, 1.5], "rotation": 90, "texture": "#0"},
				"south": {"uv": [14, 1, 15, 1.5], "texture": "#0"},
				"west": {"uv": [14, 0.5, 14.5, 1.5], "rotation": 270, "texture": "#0"},
				"up": {"uv": [14, 0.5, 15, 1.5], "texture": "#0"},
				"down": {"uv": [14, 1.5, 15, 0.5], "texture": "#0"}
			}
		},
		{
			"name": "1355_1",
			"from": [15, 0, 0.5],
			"to": [15.5, 0.5, 1],
			"faces": {
				"north": {"uv": [15.5, 0.5, 15, 1], "texture": "#0"},
				"east": {"uv": [15, 0.5, 15.5, 1], "rotation": 90, "texture": "#0"},
				"south": {"uv": [15, 0.5, 15.5, 1], "texture": "#0"},
				"west": {"uv": [15, 0.5, 15.5, 1], "rotation": 270, "texture": "#0"},
				"up": {"uv": [15, 0.5, 15.5, 1], "texture": "#0"},
				"down": {"uv": [15, 1, 15.5, 0.5], "texture": "#0"}
			}
		},
		{
			"name": "1355_2",
			"from": [13, 0, 1],
			"to": [14, 0.5, 2.5],
			"faces": {
				"north": {"uv": [14, 1, 13, 1.5], "texture": "#0"},
				"east": {"uv": [13.5, 1, 14, 2.5], "rotation": 90, "texture": "#0"},
				"south": {"uv": [13, 2, 14, 2.5], "texture": "#0"},
				"west": {"uv": [13, 1, 13.5, 2.5], "rotation": 270, "texture": "#0"},
				"up": {"uv": [13, 1, 14, 2.5], "texture": "#0"},
				"down": {"uv": [13, 2.5, 14, 1], "texture": "#0"}
			}
		},
		{
			"name": "1355_3",
			"from": [12.5, 0, 1.5],
			"to": [13, 0.5, 3.5],
			"faces": {
				"north": {"uv": [13, 1.5, 12.5, 2], "texture": "#0"},
				"east": {"uv": [12.5, 1.5, 13, 3.5], "rotation": 90, "texture": "#0"},
				"south": {"uv": [12.5, 3, 13, 3.5], "texture": "#0"},
				"west": {"uv": [12.5, 1.5, 13, 3.5], "rotation": 270, "texture": "#0"},
				"up": {"uv": [12.5, 1.5, 13, 3.5], "texture": "#0"},
				"down": {"uv": [12.5, 3.5, 13, 1.5], "texture": "#0"}
			}
		},
		{
			"name": "1355_4",
			"from": [14, 0, 1.5],
			"to": [14.5, 0.5, 2],
			"faces": {
				"north": {"uv": [14.5, 1.5, 14, 2], "texture": "#0"},
				"east": {"uv": [14, 1.5, 14.5, 2], "rotation": 90, "texture": "#0"},
				"south": {"uv": [14, 1.5, 14.5, 2], "texture": "#0"},
				"west": {"uv": [14, 1.5, 14.5, 2], "rotation": 270, "texture": "#0"},
				"up": {"uv": [14, 1.5, 14.5, 2], "texture": "#0"},
				"down": {"uv": [14, 2, 14.5, 1.5], "texture": "#0"}
			}
		},
		{
			"name": "1355_5",
			"from": [12, 0, 2],
			"to": [12.5, 0.5, 4],
			"faces": {
				"north": {"uv": [12.5, 2, 12, 2.5], "texture": "#0"},
				"east": {"uv": [12, 2, 12.5, 4], "rotation": 90, "texture": "#0"},
				"south": {"uv": [12, 3.5, 12.5, 4], "texture": "#0"},
				"west": {"uv": [12, 2, 12.5, 4], "rotation": 270, "texture": "#0"},
				"up": {"uv": [12, 2, 12.5, 4], "texture": "#0"},
				"down": {"uv": [12, 4, 12.5, 2], "texture": "#0"}
			}
		},
		{
			"name": "1355_6",
			"from": [11.5, 0, 2.5],
			"to": [12, 0.5, 4],
			"faces": {
				"north": {"uv": [12, 2.5, 11.5, 3], "texture": "#0"},
				"east": {"uv": [11.5, 2.5, 12, 4], "rotation": 90, "texture": "#0"},
				"south": {"uv": [11.5, 3.5, 12, 4], "texture": "#0"},
				"west": {"uv": [11.5, 2.5, 12, 4], "rotation": 270, "texture": "#0"},
				"up": {"uv": [11.5, 2.5, 12, 4], "texture": "#0"},
				"down": {"uv": [11.5, 4, 12, 2.5], "texture": "#0"}
			}
		},
		{
			"name": "1355_7",
			"from": [13, 0, 2.5],
			"to": [13.5, 0.5, 3],
			"faces": {
				"north": {"uv": [13.5, 2.5, 13, 3], "texture": "#0"},
				"east": {"uv": [13, 2.5, 13.5, 3], "rotation": 90, "texture": "#0"},
				"south": {"uv": [13, 2.5, 13.5, 3], "texture": "#0"},
				"west": {"uv": [13, 2.5, 13.5, 3], "rotation": 270, "texture": "#0"},
				"up": {"uv": [13, 2.5, 13.5, 3], "texture": "#0"},
				"down": {"uv": [13, 3, 13.5, 2.5], "texture": "#0"}
			}
		},
		{
			"name": "1355_8",
			"from": [11, 0, 3],
			"to": [11.5, 0.5, 4.5],
			"faces": {
				"north": {"uv": [11.5, 3, 11, 3.5], "texture": "#0"},
				"east": {"uv": [11, 3, 11.5, 4.5], "rotation": 90, "texture": "#0"},
				"south": {"uv": [11, 4, 11.5, 4.5], "texture": "#0"},
				"west": {"uv": [11, 3, 11.5, 4.5], "rotation": 270, "texture": "#0"},
				"up": {"uv": [11, 3, 11.5, 4.5], "texture": "#0"},
				"down": {"uv": [11, 4.5, 11.5, 3], "texture": "#0"}
			}
		},
		{
			"name": "1355_9",
			"from": [10.5, 0, 3.5],
			"to": [11, 0.5, 5],
			"faces": {
				"north": {"uv": [11, 3.5, 10.5, 4], "texture": "#0"},
				"east": {"uv": [10.5, 3.5, 11, 5], "rotation": 90, "texture": "#0"},
				"south": {"uv": [10.5, 4.5, 11, 5], "texture": "#0"},
				"west": {"uv": [10.5, 3.5, 11, 5], "rotation": 270, "texture": "#0"},
				"up": {"uv": [10.5, 3.5, 11, 5], "texture": "#0"},
				"down": {"uv": [10.5, 5, 11, 3.5], "texture": "#0"}
			}
		},
		{
			"name": "1355_10",
			"from": [10, 0, 4],
			"to": [10.5, 0.5, 5.5],
			"faces": {
				"north": {"uv": [10.5, 4, 10, 4.5], "texture": "#0"},
				"east": {"uv": [10, 4, 10.5, 5.5], "rotation": 90, "texture": "#0"},
				"south": {"uv": [10, 5, 10.5, 5.5], "texture": "#0"},
				"west": {"uv": [10, 4, 10.5, 5.5], "rotation": 270, "texture": "#0"},
				"up": {"uv": [10, 4, 10.5, 5.5], "texture": "#0"},
				"down": {"uv": [10, 5.5, 10.5, 4], "texture": "#0"}
			}
		},
		{
			"name": "1355_11",
			"from": [9.5, 0, 4.5],
			"to": [10, 0.5, 6],
			"faces": {
				"north": {"uv": [10, 4.5, 9.5, 5], "texture": "#0"},
				"east": {"uv": [9.5, 4.5, 10, 6], "rotation": 90, "texture": "#0"},
				"south": {"uv": [9.5, 5.5, 10, 6], "texture": "#0"},
				"west": {"uv": [9.5, 4.5, 10, 6], "rotation": 270, "texture": "#0"},
				"up": {"uv": [9.5, 4.5, 10, 6], "texture": "#0"},
				"down": {"uv": [9.5, 6, 10, 4.5], "texture": "#0"}
			}
		},
		{
			"name": "1355_12",
			"from": [9, 0, 5],
			"to": [9.5, 0.5, 6.5],
			"faces": {
				"north": {"uv": [9.5, 5, 9, 5.5], "texture": "#0"},
				"east": {"uv": [9, 5, 9.5, 6.5], "rotation": 90, "texture": "#0"},
				"south": {"uv": [9, 6, 9.5, 6.5], "texture": "#0"},
				"west": {"uv": [9, 5, 9.5, 6.5], "rotation": 270, "texture": "#0"},
				"up": {"uv": [9, 5, 9.5, 6.5], "texture": "#0"},
				"down": {"uv": [9, 6.5, 9.5, 5], "texture": "#0"}
			}
		},
		{
			"name": "1355_13",
			"from": [8.5, 0, 5.5],
			"to": [9, 0.5, 7],
			"faces": {
				"north": {"uv": [9, 5.5, 8.5, 6], "texture": "#0"},
				"east": {"uv": [8.5, 5.5, 9, 7], "rotation": 90, "texture": "#0"},
				"south": {"uv": [8.5, 6.5, 9, 7], "texture": "#0"},
				"west": {"uv": [8.5, 5.5, 9, 7], "rotation": 270, "texture": "#0"},
				"up": {"uv": [8.5, 5.5, 9, 7], "texture": "#0"},
				"down": {"uv": [8.5, 7, 9, 5.5], "texture": "#0"}
			}
		},
		{
			"name": "1355_14",
			"from": [8, 0, 6],
			"to": [8.5, 0.5, 7.5],
			"faces": {
				"north": {"uv": [8.5, 6, 8, 6.5], "texture": "#0"},
				"east": {"uv": [8, 6, 8.5, 7.5], "rotation": 90, "texture": "#0"},
				"south": {"uv": [8, 7, 8.5, 7.5], "texture": "#0"},
				"west": {"uv": [8, 6, 8.5, 7.5], "rotation": 270, "texture": "#0"},
				"up": {"uv": [8, 6, 8.5, 7.5], "texture": "#0"},
				"down": {"uv": [8, 7.5, 8.5, 6], "texture": "#0"}
			}
		},
		{
			"name": "1355_15",
			"from": [7.5, 0, 6.5],
			"to": [8, 0.5, 8],
			"faces": {
				"north": {"uv": [8, 6.5, 7.5, 7], "texture": "#0"},
				"east": {"uv": [7.5, 6.5, 8, 8], "rotation": 90, "texture": "#0"},
				"south": {"uv": [7.5, 7.5, 8, 8], "texture": "#0"},
				"west": {"uv": [7.5, 6.5, 8, 8], "rotation": 270, "texture": "#0"},
				"up": {"uv": [7.5, 6.5, 8, 8], "texture": "#0"},
				"down": {"uv": [7.5, 8, 8, 6.5], "texture": "#0"}
			}
		},
		{
			"name": "1355_16",
			"from": [7, 0, 7],
			"to": [7.5, 0.5, 9],
			"faces": {
				"north": {"uv": [7.5, 7, 7, 7.5], "texture": "#0"},
				"east": {"uv": [7, 7, 7.5, 9], "rotation": 90, "texture": "#0"},
				"south": {"uv": [7, 8.5, 7.5, 9], "texture": "#0"},
				"west": {"uv": [7, 7, 7.5, 9], "rotation": 270, "texture": "#0"},
				"up": {"uv": [7, 7, 7.5, 9], "texture": "#0"},
				"down": {"uv": [7, 9, 7.5, 7], "texture": "#0"}
			}
		},
		{
			"name": "1355_17",
			"from": [6.5, 0, 7.5],
			"to": [7, 0.5, 9.5],
			"faces": {
				"north": {"uv": [7, 7.5, 6.5, 8], "texture": "#0"},
				"east": {"uv": [6.5, 7.5, 7, 9.5], "rotation": 90, "texture": "#0"},
				"south": {"uv": [6.5, 9, 7, 9.5], "texture": "#0"},
				"west": {"uv": [6.5, 7.5, 7, 9.5], "rotation": 270, "texture": "#0"},
				"up": {"uv": [6.5, 7.5, 7, 9.5], "texture": "#0"},
				"down": {"uv": [6.5, 9.5, 7, 7.5], "texture": "#0"}
			}
		},
		{
			"name": "1355_18",
			"from": [6, 0, 8],
			"to": [6.5, 0.5, 10],
			"faces": {
				"north": {"uv": [6.5, 8, 6, 8.5], "texture": "#0"},
				"east": {"uv": [6, 8, 6.5, 10], "rotation": 90, "texture": "#0"},
				"south": {"uv": [6, 9.5, 6.5, 10], "texture": "#0"},
				"west": {"uv": [6, 8, 6.5, 10], "rotation": 270, "texture": "#0"},
				"up": {"uv": [6, 8, 6.5, 10], "texture": "#0"},
				"down": {"uv": [6, 10, 6.5, 8], "texture": "#0"}
			}
		},
		{
			"name": "1355_19",
			"from": [5.5, 0, 8.5],
			"to": [6, 0.5, 10.5],
			"faces": {
				"north": {"uv": [6, 8.5, 5.5, 9], "texture": "#0"},
				"east": {"uv": [5.5, 8.5, 6, 10.5], "rotation": 90, "texture": "#0"},
				"south": {"uv": [5.5, 10, 6, 10.5], "texture": "#0"},
				"west": {"uv": [5.5, 8.5, 6, 10.5], "rotation": 270, "texture": "#0"},
				"up": {"uv": [5.5, 8.5, 6, 10.5], "texture": "#0"},
				"down": {"uv": [5.5, 10.5, 6, 8.5], "texture": "#0"}
			}
		},
		{
			"name": "1355_20",
			"from": [5, 0, 9],
			"to": [5.5, 0.5, 11],
			"faces": {
				"north": {"uv": [5.5, 9, 5, 9.5], "texture": "#0"},
				"east": {"uv": [5, 9, 5.5, 11], "rotation": 90, "texture": "#0"},
				"south": {"uv": [5, 10.5, 5.5, 11], "texture": "#0"},
				"west": {"uv": [5, 9, 5.5, 11], "rotation": 270, "texture": "#0"},
				"up": {"uv": [5, 9, 5.5, 11], "texture": "#0"},
				"down": {"uv": [5, 11, 5.5, 9], "texture": "#0"}
			}
		},
		{
			"name": "1355_21",
			"from": [4.5, 0, 9.5],
			"to": [5, 0.5, 12],
			"faces": {
				"north": {"uv": [5, 9.5, 4.5, 10], "texture": "#0"},
				"east": {"uv": [4.5, 9.5, 5, 12], "rotation": 90, "texture": "#0"},
				"south": {"uv": [4.5, 11.5, 5, 12], "texture": "#0"},
				"west": {"uv": [4.5, 9.5, 5, 12], "rotation": 270, "texture": "#0"},
				"up": {"uv": [4.5, 9.5, 5, 12], "texture": "#0"},
				"down": {"uv": [4.5, 12, 5, 9.5], "texture": "#0"}
			}
		},
		{
			"name": "1355_22",
			"from": [4, 0, 10],
			"to": [4.5, 0.5, 11.5],
			"faces": {
				"north": {"uv": [4.5, 10, 4, 10.5], "texture": "#0"},
				"east": {"uv": [4, 10, 4.5, 11.5], "rotation": 90, "texture": "#0"},
				"south": {"uv": [4, 11, 4.5, 11.5], "texture": "#0"},
				"west": {"uv": [4, 10, 4.5, 11.5], "rotation": 270, "texture": "#0"},
				"up": {"uv": [4, 10, 4.5, 11.5], "texture": "#0"},
				"down": {"uv": [4, 11.5, 4.5, 10], "texture": "#0"}
			}
		},
		{
			"name": "1355_23",
			"from": [3, 0, 10.5],
			"to": [4, 0.5, 12],
			"faces": {
				"north": {"uv": [4, 10.5, 3, 11], "texture": "#0"},
				"east": {"uv": [3.5, 10.5, 4, 12], "rotation": 90, "texture": "#0"},
				"south": {"uv": [3, 11.5, 4, 12], "texture": "#0"},
				"west": {"uv": [3, 10.5, 3.5, 12], "rotation": 270, "texture": "#0"},
				"up": {"uv": [3, 10.5, 4, 12], "texture": "#0"},
				"down": {"uv": [3, 12, 4, 10.5], "texture": "#0"}
			}
		},
		{
			"name": "1355_24",
			"from": [2.5, 0, 11.5],
			"to": [3, 0.5, 13],
			"faces": {
				"north": {"uv": [3, 11.5, 2.5, 12], "texture": "#0"},
				"east": {"uv": [2.5, 11.5, 3, 13], "rotation": 90, "texture": "#0"},
				"south": {"uv": [2.5, 12.5, 3, 13], "texture": "#0"},
				"west": {"uv": [2.5, 11.5, 3, 13], "rotation": 270, "texture": "#0"},
				"up": {"uv": [2.5, 11.5, 3, 13], "texture": "#0"},
				"down": {"uv": [2.5, 13, 3, 11.5], "texture": "#0"}
			}
		},
		{
			"name": "1355_25",
			"from": [3, 0, 12],
			"to": [3.5, 0.5, 12.5],
			"faces": {
				"north": {"uv": [3.5, 12, 3, 12.5], "texture": "#0"},
				"east": {"uv": [3, 12, 3.5, 12.5], "rotation": 90, "texture": "#0"},
				"south": {"uv": [3, 12, 3.5, 12.5], "texture": "#0"},
				"west": {"uv": [3, 12, 3.5, 12.5], "rotation": 270, "texture": "#0"},
				"up": {"uv": [3, 12, 3.5, 12.5], "texture": "#0"},
				"down": {"uv": [3, 12.5, 3.5, 12], "texture": "#0"}
			}
		},
		{
			"name": "1355_26",
			"from": [2, 0, 12.5],
			"to": [2.5, 0.5, 13.5],
			"faces": {
				"north": {"uv": [2.5, 12.5, 2, 13], "texture": "#0"},
				"east": {"uv": [2, 12.5, 2.5, 13.5], "rotation": 90, "texture": "#0"},
				"south": {"uv": [2, 13, 2.5, 13.5], "texture": "#0"},
				"west": {"uv": [2, 12.5, 2.5, 13.5], "rotation": 270, "texture": "#0"},
				"up": {"uv": [2, 12.5, 2.5, 13.5], "texture": "#0"},
				"down": {"uv": [2, 13.5, 2.5, 12.5], "texture": "#0"}
			}
		},
		{
			"name": "1355_27",
			"from": [1.5, 0, 13],
			"to": [2, 0.5, 14.5],
			"faces": {
				"north": {"uv": [2, 13, 1.5, 13.5], "texture": "#0"},
				"east": {"uv": [1.5, 13, 2, 14.5], "rotation": 90, "texture": "#0"},
				"south": {"uv": [1.5, 14, 2, 14.5], "texture": "#0"},
				"west": {"uv": [1.5, 13, 2, 14.5], "rotation": 270, "texture": "#0"},
				"up": {"uv": [1.5, 13, 2, 14.5], "texture": "#0"},
				"down": {"uv": [1.5, 14.5, 2, 13], "texture": "#0"}
			}
		},
		{
			"name": "1355_28",
			"from": [1, 0, 13.5],
			"to": [1.5, 0.5, 14.5],
			"faces": {
				"north": {"uv": [1.5, 13.5, 1, 14], "texture": "#0"},
				"east": {"uv": [1, 13.5, 1.5, 14.5], "rotation": 90, "texture": "#0"},
				"south": {"uv": [1, 14, 1.5, 14.5], "texture": "#0"},
				"west": {"uv": [1, 13.5, 1.5, 14.5], "rotation": 270, "texture": "#0"},
				"up": {"uv": [1, 13.5, 1.5, 14.5], "texture": "#0"},
				"down": {"uv": [1, 14.5, 1.5, 13.5], "texture": "#0"}
			}
		},
		{
			"name": "1355_29",
			"from": [0.5, 0, 14],
			"to": [1, 0.5, 15.5],
			"faces": {
				"north": {"uv": [1, 14, 0.5, 14.5], "texture": "#0"},
				"east": {"uv": [0.5, 14, 1, 15.5], "rotation": 90, "texture": "#0"},
				"south": {"uv": [0.5, 15, 1, 15.5], "texture": "#0"},
				"west": {"uv": [0.5, 14, 1, 15.5], "rotation": 270, "texture": "#0"},
				"up": {"uv": [0.5, 14, 1, 15.5], "texture": "#0"},
				"down": {"uv": [0.5, 15.5, 1, 14], "texture": "#0"}
			}
		},
		{
			"name": "1355_30",
			"from": [1, 0, 15],
			"to": [1.5, 0.5, 15.5],
			"faces": {
				"north": {"uv": [1.5, 15, 1, 15.5], "texture": "#0"},
				"east": {"uv": [1, 15, 1.5, 15.5], "rotation": 90, "texture": "#0"},
				"south": {"uv": [1, 15, 1.5, 15.5], "texture": "#0"},
				"west": {"uv": [1, 15, 1.5, 15.5], "rotation": 270, "texture": "#0"},
				"up": {"uv": [1, 15, 1.5, 15.5], "texture": "#0"},
				"down": {"uv": [1, 15.5, 1.5, 15], "texture": "#0"}
			}
		},
		{
			"name": "1355_31",
			"from": [1.5, 0, 15.5],
			"to": [2, 0.5, 16],
			"faces": {
				"north": {"uv": [2, 15.5, 1.5, 16], "texture": "#0"},
				"east": {"uv": [1.5, 15.5, 2, 16], "rotation": 90, "texture": "#0"},
				"south": {"uv": [1.5, 15.5, 2, 16], "texture": "#0"},
				"west": {"uv": [1.5, 15.5, 2, 16], "rotation": 270, "texture": "#0"},
				"up": {"uv": [1.5, 15.5, 2, 16], "texture": "#0"},
				"down": {"uv": [1.5, 16, 2, 15.5], "texture": "#0"}
			}
		}
	],
	"display": {
		"thirdperson_righthand": {
			"rotation": [51, 0, 90],
			"translation": [-6.5, 7, 3],
			"scale": [1.2, 0.88, 1.2]
		},
		"thirdperson_lefthand": {
			"rotation": [51, 0, -90],
			"translation": [6.25, 7, 3],
			"scale": [1.2, 0.88, 1.2]
		},
		"firstperson_righthand": {
			"rotation": [-38.5, 0, 90],
			"translation": [-12.36, 5.5, 0],
			"scale": [1, 0.44, 1]
		},
		"firstperson_lefthand": {
			"rotation": [57, 0, 90],
			"translation": [-12.4, 4.5, 0],
			"scale": [1, 0.44, 1]
		},
		"ground": {
			"rotation": [90, 90, 0],
			"translation": [0, 5, 8]
		},
		"gui": {
			"rotation": [90, 0, 0]
		},
		"head": {
			"rotation": [0, 1, 90],
			"translation": [-7.75, 9.25, -10]
		},
		"fixed": {
			"rotation": [90, 90, 0],
			"translation": [0, 0, 7.5]
		}
	},
	"groups": [
		{
			"name": "1355",
			"origin": [8, 8, 8],
			"children": [0, 1, 2, 3, 4, 5, 6, 7, 8, 9, 10, 11, 12, 13, 14, 15, 16, 17, 18, 19, 20, 21, 22, 23, 24, 25, 26, 27, 28, 29, 30, 31]
		}
	]
}