{
	"textures": {
		"frisk": "items/3d/frisk"
	},
	"elements": [
		{
			"from": [7, 0, 0],
			"to": [9, 1, 1],
			"faces": {
				"north": {"uv": [0, 7, 2, 8], "texture": "#frisk", "tintindex": 0},
				"east": {"uv": [0, 7, 3, 9], "texture": "#frisk"},
				"south": {"uv": [5, 6, 6, 7], "texture": "#frisk"},
				"west": {"uv": [7, 8, 9, 10], "texture": "#frisk"},
				"up": {"uv": [1, 7, 4, 8], "texture": "#frisk"},
				"down": {"uv": [0, 6, 2, 7], "texture": "#frisk"}
			}
		},
		{
			"from": [5, 1, 0],
			"to": [14, 2, 1],
			"faces": {
				"north": {"uv": [0, 7, 2, 8], "texture": "#frisk"},
				"east": {"uv": [0, 7, 3, 9], "texture": "#frisk"},
				"south": {"uv": [5, 6, 6, 7], "texture": "#frisk"},
				"west": {"uv": [7, 8, 9, 10], "texture": "#frisk"},
				"up": {"uv": [1, 7, 4, 8], "texture": "#frisk"},
				"down": {"uv": [0, 0, 0, 0], "texture": "#frisk"}
			}
		},
		{
			"from": [3, 2, 0],
			"to": [8, 3, 1],
			"faces": {
				"north": {"uv": [0, 7, 2, 8], "texture": "#frisk"},
				"east": {"uv": [0, 7, 3, 9], "texture": "#frisk"},
				"south": {"uv": [5, 6, 6, 7], "texture": "#frisk"},
				"west": {"uv": [7, 8, 9, 10], "texture": "#frisk"},
				"up": {"uv": [1, 7, 4, 8], "texture": "#frisk"},
				"down": {"uv": [0, 0, 0, 0], "texture": "#frisk"}
			}
		},
		{
			"from": [2, 3, 0],
			"to": [15, 4, 1],
			"faces": {
				"north": {"uv": [0, 7, 2, 8], "texture": "#frisk"},
				"east": {"uv": [0, 7, 3, 9], "texture": "#frisk"},
				"south": {"uv": [5, 6, 6, 7], "texture": "#frisk"},
				"west": {"uv": [7, 8, 9, 10], "texture": "#frisk"},
				"up": {"uv": [1, 7, 4, 8], "texture": "#frisk"},
				"down": {"uv": [0, 0, 0, 0], "texture": "#frisk"}
			}
		},
		{
			"from": [1, 4, 0],
			"to": [5, 5, 1],
			"faces": {
				"north": {"uv": [0, 7, 2, 8], "texture": "#frisk"},
				"east": {"uv": [0, 7, 3, 9], "texture": "#frisk"},
				"south": {"uv": [5, 6, 6, 7], "texture": "#frisk"},
				"west": {"uv": [7, 8, 9, 10], "texture": "#frisk"},
				"up": {"uv": [1, 7, 4, 8], "texture": "#frisk"},
				"down": {"uv": [0, 0, 0, 0], "texture": "#frisk"}
			}
		},
		{
			"from": [1, 5, 0],
			"to": [2, 6, 1],
			"faces": {
				"north": {"uv": [0, 7, 2, 8], "texture": "#frisk"},
				"east": {"uv": [0, 7, 3, 9], "texture": "#frisk"},
				"south": {"uv": [5, 6, 6, 7], "texture": "#frisk"},
				"west": {"uv": [7, 8, 9, 10], "texture": "#frisk"},
				"up": {"uv": [1, 7, 4, 8], "texture": "#frisk"},
				"down": {"uv": [0, 0, 0, 0], "texture": "#frisk"}
			}
		},
		{
			"from": [5, 4, 0],
			"to": [7, 5, 1],
			"faces": {
				"north": {"uv": [0, 15, 2, 16], "texture": "#frisk"},
				"east": {"uv": [0, 13, 0, 13], "texture": "#frisk"},
				"south": {"uv": [0, 16, 0, 16], "texture": "#frisk"},
				"west": {"uv": [0, 14, 0, 14], "texture": "#frisk"},
				"up": {"uv": [0, 15, 0, 15], "texture": "#frisk"},
				"down": {"uv": [0, 16, 0, 16], "texture": "#frisk"}
			}
		},
		{
			"from": [11, 4, 0],
			"to": [13, 5, 1],
			"faces": {
				"north": {"uv": [0, 15, 2, 16], "texture": "#frisk"},
				"east": {"uv": [0, 13, 0, 13], "texture": "#frisk"},
				"south": {"uv": [0, 16, 0, 16], "texture": "#frisk"},
				"west": {"uv": [0, 14, 0, 14], "texture": "#frisk"},
				"up": {"uv": [0, 15, 0, 15], "texture": "#frisk"},
				"down": {"uv": [0, 16, 0, 16], "texture": "#frisk"}
			}
		},
		{
			"from": [8, 2, 0],
			"to": [10, 3, 1],
			"faces": {
				"north": {"uv": [0, 15, 2, 16], "texture": "#frisk"},
				"east": {"uv": [0, 13, 0, 13], "texture": "#frisk"},
				"south": {"uv": [0, 16, 0, 16], "texture": "#frisk"},
				"west": {"uv": [0, 14, 0, 14], "texture": "#frisk"},
				"up": {"uv": [0, 15, 0, 15], "texture": "#frisk"},
				"down": {"uv": [0, 16, 0, 16], "texture": "#frisk"}
			}
		},
		{
			"from": [10, 2, 0],
			"to": [15, 3, 1],
			"faces": {
				"north": {"uv": [0, 7, 2, 8], "texture": "#frisk"},
				"east": {"uv": [0, 7, 3, 9], "texture": "#frisk"},
				"south": {"uv": [5, 6, 6, 7], "texture": "#frisk"},
				"west": {"uv": [7, 8, 9, 10], "texture": "#frisk"},
				"up": {"uv": [1, 7, 4, 8], "texture": "#frisk"},
				"down": {"uv": [0, 0, 0, 0], "texture": "#frisk"}
			}
		},
		{
			"from": [7, 4, 0],
			"to": [11, 5, 1],
			"faces": {
				"north": {"uv": [0, 7, 2, 8], "texture": "#frisk"},
				"east": {"uv": [0, 7, 3, 9], "texture": "#frisk"},
				"south": {"uv": [5, 6, 6, 7], "texture": "#frisk"},
				"west": {"uv": [7, 8, 9, 10], "texture": "#frisk"},
				"up": {"uv": [1, 7, 4, 8], "texture": "#frisk"},
				"down": {"uv": [0, 0, 0, 0], "texture": "#frisk"}
			}
		},
		{
			"from": [13, 4, 0],
			"to": [14, 5, 1],
			"faces": {
				"north": {"uv": [0, 7, 2, 8], "texture": "#frisk"},
				"east": {"uv": [0, 0, 0, 0], "texture": "#frisk"},
				"south": {"uv": [5, 6, 6, 7], "texture": "#frisk"},
				"west": {"uv": [0, 0, 0, 0], "texture": "#frisk"},
				"up": {"uv": [0, 0, 0, 0], "texture": "#frisk"},
				"down": {"uv": [0, 0, 0, 0], "texture": "#frisk"}
			}
		},
		{
			"from": [3, 5, 0],
			"to": [14, 7, 1],
			"faces": {
				"north": {"uv": [0, 7, 2, 8], "texture": "#frisk"},
				"east": {"uv": [0, 7, 3, 9], "texture": "#frisk"},
				"south": {"uv": [5, 6, 6, 7], "texture": "#frisk"},
				"west": {"uv": [7, 8, 9, 10], "texture": "#frisk"},
				"up": {"uv": [1, 7, 4, 8], "texture": "#frisk"},
				"down": {"uv": [0, 0, 0, 0], "texture": "#frisk"}
			}
		},
		{
			"from": [11, 7, 0],
			"to": [14, 8, 1],
			"faces": {
				"north": {"uv": [0, 7, 2, 8], "texture": "#frisk"},
				"east": {"uv": [0, 7, 3, 9], "texture": "#frisk"},
				"south": {"uv": [5, 6, 6, 7], "texture": "#frisk"},
				"west": {"uv": [7, 8, 9, 10], "texture": "#frisk"},
				"up": {"uv": [1, 7, 4, 8], "texture": "#frisk"},
				"down": {"uv": [0, 0, 0, 0], "texture": "#frisk"}
			}
		},
		{
			"from": [12, 8, 0],
			"to": [13, 9, 1],
			"faces": {
				"north": {"uv": [0, 7, 2, 8], "texture": "#frisk"},
				"east": {"uv": [0, 7, 3, 9], "texture": "#frisk"},
				"south": {"uv": [5, 6, 6, 7], "texture": "#frisk"},
				"west": {"uv": [7, 8, 9, 10], "texture": "#frisk"},
				"up": {"uv": [1, 7, 4, 8], "texture": "#frisk"},
				"down": {"uv": [0, 0, 0, 0], "texture": "#frisk"}
			}
		},
		{
			"from": [7, 7, 0],
			"to": [9, 8, 1],
			"faces": {
				"north": {"uv": [0, 7, 2, 8], "texture": "#frisk"},
				"east": {"uv": [0, 7, 3, 9], "texture": "#frisk"},
				"south": {"uv": [5, 6, 6, 7], "texture": "#frisk"},
				"west": {"uv": [7, 8, 9, 10], "texture": "#frisk"},
				"up": {"uv": [1, 7, 4, 8], "texture": "#frisk"},
				"down": {"uv": [0, 0, 0, 0], "texture": "#frisk"}
			}
		},
		{
			"from": [7, 8, 0],
			"to": [8, 9, 1],
			"faces": {
				"north": {"uv": [0, 7, 2, 8], "texture": "#frisk"},
				"east": {"uv": [0, 7, 3, 9], "texture": "#frisk"},
				"south": {"uv": [5, 6, 6, 7], "texture": "#frisk"},
				"west": {"uv": [7, 8, 9, 10], "texture": "#frisk"},
				"up": {"uv": [1, 7, 4, 8], "texture": "#frisk"},
				"down": {"uv": [0, 0, 0, 0], "texture": "#frisk"}
			}
		},
		{
			"from": [4, 7, 0],
			"to": [5, 8, 1],
			"faces": {
				"north": {"uv": [0, 7, 2, 8], "texture": "#frisk"},
				"east": {"uv": [0, 7, 3, 9], "texture": "#frisk"},
				"south": {"uv": [5, 6, 6, 7], "texture": "#frisk"},
				"west": {"uv": [7, 8, 9, 10], "texture": "#frisk"},
				"up": {"uv": [1, 7, 4, 8], "texture": "#frisk"},
				"down": {"uv": [0, 0, 0, 0], "texture": "#frisk"}
			}
		},
		{
			"from": [3, 0, 0],
			"to": [7, 1, 1],
			"faces": {
				"north": {"uv": [0, 0, 5, 1], "texture": "#frisk"},
				"east": {"uv": [0, 0, 0, 0], "texture": "#frisk"},
				"south": {"uv": [0, 0, 0, 0], "texture": "#frisk"},
				"west": {"uv": [0, 0, 0, 0], "texture": "#frisk"},
				"up": {"uv": [0, 0, 0, 0], "texture": "#frisk"},
				"down": {"uv": [0, 0, 5, 1], "texture": "#frisk"}
			}
		},
		{
			"from": [2, -1, 0],
			"to": [3, 0, 1],
			"faces": {
				"north": {"uv": [0, 0, 1, 1], "texture": "#frisk"},
				"east": {"uv": [0, 0, 1, 1], "texture": "#frisk"},
				"south": {"uv": [0, 0, 0, 0], "texture": "#frisk"},
				"west": {"uv": [0, 0, 1, 1], "texture": "#frisk"},
				"up": {"uv": [0, 0, 0, 0], "texture": "#frisk"},
				"down": {"uv": [0, 0, 1, 1], "texture": "#frisk"}
			}
		},
		{
			"from": [-1, 1, 0],
			"to": [0, 2, 1],
			"faces": {
				"north": {"uv": [0, 0, 6, 1], "texture": "#frisk"},
				"east": {"uv": [0, 0, 0, 0], "texture": "#frisk"},
				"south": {"uv": [0, 0, 0, 0], "texture": "#frisk"},
				"west": {"uv": [0, 0, 1, 1], "texture": "#frisk"},
				"up": {"uv": [0, 0, 0, 0], "texture": "#frisk"},
				"down": {"uv": [0, 0, 6, 1], "texture": "#frisk"}
			}
		},
		{
			"from": [0, 0, 0],
			"to": [1, 1, 1],
			"faces": {
				"north": {"uv": [0, 0, 1, 1], "texture": "#frisk"},
				"east": {"uv": [0, 0, 1, 1], "texture": "#frisk"},
				"south": {"uv": [0, 0, 0, 0], "texture": "#frisk"},
				"west": {"uv": [0, 0, 1, 1], "texture": "#frisk"},
				"up": {"uv": [0, 0, 0, 0], "texture": "#frisk"},
				"down": {"uv": [0, 0, 1, 1], "texture": "#frisk"}
			}
		},
		{
			"from": [-1, 2, 0],
			"to": [0, 3, 1],
			"faces": {
				"north": {"uv": [0, 0, 4, 1], "texture": "#frisk"},
				"east": {"uv": [0, 0, 0, 0], "texture": "#frisk"},
				"south": {"uv": [0, 0, 0, 0], "texture": "#frisk"},
				"west": {"uv": [0, 0, 1, 1], "texture": "#frisk"},
				"up": {"uv": [0, 0, 0, 0], "texture": "#frisk"},
				"down": {"uv": [0, 0, 0, 0], "texture": "#frisk"}
			}
		},
		{
			"from": [-1, 3, 0],
			"to": [0, 4, 1],
			"faces": {
				"north": {"uv": [0, 0, 3, 1], "texture": "#frisk"},
				"east": {"uv": [0, 0, 0, 0], "texture": "#frisk"},
				"south": {"uv": [0, 0, 0, 0], "texture": "#frisk"},
				"west": {"uv": [0, 0, 1, 1], "texture": "#frisk"},
				"up": {"uv": [0, 0, 0, 0], "texture": "#frisk"},
				"down": {"uv": [0, 0, 0, 0], "texture": "#frisk"}
			}
		},
		{
			"from": [-1, 4, 0],
			"to": [0, 7, 1],
			"faces": {
				"north": {"uv": [0, 0, 2, 3], "texture": "#frisk"},
				"east": {"uv": [0, 0, 0, 0], "texture": "#frisk"},
				"south": {"uv": [0, 0, 0, 0], "texture": "#frisk"},
				"west": {"uv": [0, 0, 1, 3], "texture": "#frisk"},
				"up": {"uv": [0, 0, 2, 1], "texture": "#frisk"},
				"down": {"uv": [0, 0, 0, 0], "texture": "#frisk"}
			}
		},
		{
			"from": [2, 5, 0],
			"to": [3, 6, 1],
			"faces": {
				"north": {"uv": [0, 0, 1, 1], "texture": "#frisk"},
				"east": {"uv": [0, 0, 0, 0], "texture": "#frisk"},
				"south": {"uv": [0, 0, 0, 0], "texture": "#frisk"},
				"west": {"uv": [0, 0, 0, 0], "texture": "#frisk"},
				"up": {"uv": [0, 0, 0, 0], "texture": "#frisk"},
				"down": {"uv": [0, 0, 0, 0], "texture": "#frisk"}
			}
		},
		{
			"from": [1, 6, 0],
			"to": [3, 7, 1],
			"faces": {
				"north": {"uv": [0, 0, 2, 1], "texture": "#frisk"},
				"east": {"uv": [0, 0, 0, 0], "texture": "#frisk"},
				"south": {"uv": [0, 0, 0, 0], "texture": "#frisk"},
				"west": {"uv": [0, 0, 0, 0], "texture": "#frisk"},
				"up": {"uv": [0, 0, 0, 0], "texture": "#frisk"},
				"down": {"uv": [0, 0, 0, 0], "texture": "#frisk"}
			}
		},
		{
			"from": [0, 7, 0],
			"to": [4, 8, 1],
			"faces": {
				"north": {"uv": [0, 0, 4, 1], "texture": "#frisk"},
				"east": {"uv": [0, 0, 0, 0], "texture": "#frisk"},
				"south": {"uv": [0, 0, 0, 0], "texture": "#frisk"},
				"west": {"uv": [0, 0, 1, 1], "texture": "#frisk"},
				"up": {"uv": [0, 0, 0, 0], "texture": "#frisk"},
				"down": {"uv": [0, 0, 0, 0], "texture": "#frisk"}
			}
		},
		{
			"from": [5, 7, 0],
			"to": [7, 8, 1],
			"faces": {
				"north": {"uv": [0, 0, 2, 1], "texture": "#frisk"},
				"east": {"uv": [0, 0, 0, 0], "texture": "#frisk"},
				"south": {"uv": [0, 0, 0, 0], "texture": "#frisk"},
				"west": {"uv": [0, 0, 0, 0], "texture": "#frisk"},
				"up": {"uv": [0, 0, 0, 0], "texture": "#frisk"},
				"down": {"uv": [0, 0, 0, 0], "texture": "#frisk"}
			}
		},
		{
			"from": [9, 7, 0],
			"to": [11, 8, 1],
			"faces": {
				"north": {"uv": [0, 0, 2, 1], "texture": "#frisk"},
				"east": {"uv": [0, 0, 0, 0], "texture": "#frisk"},
				"south": {"uv": [0, 0, 0, 0], "texture": "#frisk"},
				"west": {"uv": [0, 0, 0, 0], "texture": "#frisk"},
				"up": {"uv": [0, 0, 0, 0], "texture": "#frisk"},
				"down": {"uv": [0, 0, 0, 0], "texture": "#frisk"}
			}
		},
		{
			"from": [8, 8, 0],
			"to": [12, 9, 1],
			"faces": {
				"north": {"uv": [0, 0, 4, 1], "texture": "#frisk"},
				"east": {"uv": [0, 0, 0, 0], "texture": "#frisk"},
				"south": {"uv": [0, 0, 0, 0], "texture": "#frisk"},
				"west": {"uv": [0, 0, 0, 0], "texture": "#frisk"},
				"up": {"uv": [0, 0, 0, 0], "texture": "#frisk"},
				"down": {"uv": [0, 0, 0, 0], "texture": "#frisk"}
			}
		},
		{
			"from": [0, 8, 0],
			"to": [7, 9, 1],
			"faces": {
				"north": {"uv": [0, 0, 7, 1], "texture": "#frisk"},
				"east": {"uv": [0, 0, 0, 0], "texture": "#frisk"},
				"south": {"uv": [0, 0, 0, 0], "texture": "#frisk"},
				"west": {"uv": [0, 0, 1, 1], "texture": "#frisk"},
				"up": {"uv": [0, 0, 0, 0], "texture": "#frisk"},
				"down": {"uv": [0, 0, 0, 0], "texture": "#frisk"}
			}
		},
		{
			"from": [9, 0, 0],
			"to": [14, 1, 1],
			"faces": {
				"north": {"uv": [0, 0, 6, 1], "texture": "#frisk"},
				"east": {"uv": [0, 0, 0, 0], "texture": "#frisk"},
				"south": {"uv": [0, 0, 0, 0], "texture": "#frisk"},
				"west": {"uv": [0, 0, 0, 0], "texture": "#frisk"},
				"up": {"uv": [0, 0, 0, 0], "texture": "#frisk"},
				"down": {"uv": [0, 0, 6, 1], "texture": "#frisk"}
			}
		},
		{
			"from": [16, 0, 0],
			"to": [17, 1, 1],
			"faces": {
				"north": {"uv": [0, 0, 1, 1], "texture": "#frisk"},
				"east": {"uv": [0, 0, 1, 1], "texture": "#frisk"},
				"south": {"uv": [0, 0, 0, 0], "texture": "#frisk"},
				"west": {"uv": [0, 0, 1, 1], "texture": "#frisk"},
				"up": {"uv": [0, 0, 0, 0], "texture": "#frisk"},
				"down": {"uv": [0, 0, 1, 1], "texture": "#frisk"}
			}
		},
		{
			"from": [17, 1, 0],
			"to": [18, 6, 1],
			"faces": {
				"north": {"uv": [0, 0, 3, 2], "texture": "#frisk"},
				"east": {"uv": [0, 0, 1, 2], "texture": "#frisk"},
				"south": {"uv": [0, 0, 0, 0], "texture": "#frisk"},
				"west": {"uv": [0, 0, 0, 0], "texture": "#frisk"},
				"up": {"uv": [0, 0, 0, 0], "texture": "#frisk"},
				"down": {"uv": [0, 0, 0, 0], "texture": "#frisk"}
			}
		},
		{
			"from": [16, 6, 0],
			"to": [17, 8, 1],
			"faces": {
				"north": {"uv": [0, 0, 3, 2], "texture": "#frisk"},
				"east": {"uv": [0, 0, 1, 2], "texture": "#frisk"},
				"south": {"uv": [0, 0, 0, 0], "texture": "#frisk"},
				"west": {"uv": [0, 0, 0, 0], "texture": "#frisk"},
				"up": {"uv": [0, 0, 0, 0], "texture": "#frisk"},
				"down": {"uv": [0, 0, 0, 0], "texture": "#frisk"}
			}
		},
		{
			"from": [16, 8, 0],
			"to": [17, 9, 1],
			"faces": {
				"north": {"uv": [0, 0, 4, 1], "texture": "#frisk"},
				"east": {"uv": [0, 0, 1, 1], "texture": "#frisk"},
				"south": {"uv": [0, 0, 0, 0], "texture": "#frisk"},
				"west": {"uv": [0, 0, 1, 1], "texture": "#frisk"},
				"up": {"uv": [0, 0, 4, 1], "texture": "#frisk"},
				"down": {"uv": [0, 0, 4, 1], "texture": "#frisk"}
			}
		},
		{
			"from": [1, 9, 0],
			"to": [16, 10, 1],
			"faces": {
				"north": {"uv": [0, 0, 16, 1], "texture": "#frisk"},
				"east": {"uv": [0, 0, 1, 1], "texture": "#frisk"},
				"south": {"uv": [0, 0, 0, 0], "texture": "#frisk"},
				"west": {"uv": [0, 0, 1, 1], "texture": "#frisk"},
				"up": {"uv": [0, 0, 0, 0], "texture": "#frisk"},
				"down": {"uv": [0, 0, 0, 0], "texture": "#frisk"}
			}
		},
		{
			"from": [3, 11, 0],
			"to": [14, 12, 1],
			"shade": false,
			"faces": {
				"north": {"uv": [0, 0, 1, 1], "texture": "#frisk"},
				"east": {"uv": [0, 0, 0, 0], "texture": "#frisk"},
				"south": {"uv": [0, 0, 0, 0], "texture": "#frisk"},
				"west": {"uv": [0, 0, 0, 0], "texture": "#frisk"},
				"up": {"uv": [0, 0, 0, 0], "texture": "#frisk"},
				"down": {"uv": [0, 0, 0, 0], "texture": "#frisk"}
			}
		},
		{
			"from": [3, 12, 0],
			"to": [14, 13, 1],
			"faces": {
				"north": {"uv": [1, 0, 12, 1], "texture": "#frisk"},
				"east": {"uv": [0, 0, 1, 1], "texture": "#frisk"},
				"south": {"uv": [0, 0, 0, 0], "texture": "#frisk"},
				"west": {"uv": [0, 0, 1, 1], "texture": "#frisk"},
				"up": {"uv": [0, 0, 11, 1], "texture": "#frisk"},
				"down": {"uv": [0, 0, 0, 0], "texture": "#frisk"}
			}
		},
		{
			"from": [2, 10, 0],
			"to": [15, 11, 1],
			"shade": false,
			"faces": {
				"north": {"uv": [0, 0, 1, 1], "texture": "#frisk"},
				"east": {"uv": [0, 0, 0, 0], "texture": "#frisk"},
				"south": {"uv": [0, 0, 0, 0], "texture": "#frisk"},
				"west": {"uv": [0, 0, 0, 0], "texture": "#frisk"},
				"up": {"uv": [0, 0, 0, 0], "texture": "#frisk"},
				"down": {"uv": [0, 0, 0, 0], "texture": "#frisk"}
			}
		},
		{
			"from": [0, 4, 0],
			"to": [1, 7, 1],
			"faces": {
				"north": {"uv": [0, 0, 2, 3], "texture": "#frisk"},
				"east": {"uv": [0, 0, 0, 0], "texture": "#frisk"},
				"south": {"uv": [0, 0, 0, 0], "texture": "#frisk"},
				"west": {"uv": [0, 0, 0, 0], "texture": "#frisk"},
				"up": {"uv": [0, 0, 0, 0], "texture": "#frisk"},
				"down": {"uv": [0, 0, 0, 0], "texture": "#frisk"}
			}
		},
		{
			"from": [0, 3, 0],
			"to": [2, 4, 1],
			"faces": {
				"north": {"uv": [0, 0, 3, 1], "texture": "#frisk"},
				"east": {"uv": [0, 0, 0, 0], "texture": "#frisk"},
				"south": {"uv": [0, 0, 0, 0], "texture": "#frisk"},
				"west": {"uv": [0, 0, 0, 0], "texture": "#frisk"},
				"up": {"uv": [0, 0, 0, 0], "texture": "#frisk"},
				"down": {"uv": [0, 0, 0, 0], "texture": "#frisk"}
			}
		},
		{
			"from": [0, 2, 0],
			"to": [3, 3, 1],
			"faces": {
				"north": {"uv": [0, 0, 4, 1], "texture": "#frisk"},
				"east": {"uv": [0, 0, 0, 0], "texture": "#frisk"},
				"south": {"uv": [0, 0, 0, 0], "texture": "#frisk"},
				"west": {"uv": [0, 0, 0, 0], "texture": "#frisk"},
				"up": {"uv": [0, 0, 0, 0], "texture": "#frisk"},
				"down": {"uv": [0, 0, 0, 0], "texture": "#frisk"}
			}
		},
		{
			"from": [0, 1, 0],
			"to": [1, 2, 1],
			"faces": {
				"north": {"uv": [0, 0, 6, 1], "texture": "#frisk"},
				"east": {"uv": [0, 0, 0, 0], "texture": "#frisk"},
				"south": {"uv": [0, 0, 0, 0], "texture": "#frisk"},
				"west": {"uv": [0, 0, 0, 0], "texture": "#frisk"},
				"up": {"uv": [0, 0, 0, 0], "texture": "#frisk"},
				"down": {"uv": [0, 0, 0, 0], "texture": "#frisk"}
			}
		},
		{
			"from": [1, 1, 0],
			"to": [2, 2, 1],
			"faces": {
				"north": {"uv": [0, 0, 6, 1], "texture": "#frisk"},
				"east": {"uv": [0, 0, 0, 0], "texture": "#frisk"},
				"south": {"uv": [0, 0, 0, 0], "texture": "#frisk"},
				"west": {"uv": [0, 0, 1, 1], "texture": "#frisk"},
				"up": {"uv": [0, 0, 0, 0], "texture": "#frisk"},
				"down": {"uv": [0, 0, 6, 1], "texture": "#frisk"}
			}
		},
		{
			"from": [2, 0, 0],
			"to": [3, 1, 1],
			"faces": {
				"north": {"uv": [0, 0, 1, 1], "texture": "#frisk"},
				"east": {"uv": [0, 0, 0, 0], "texture": "#frisk"},
				"south": {"uv": [0, 0, 0, 0], "texture": "#frisk"},
				"west": {"uv": [0, 0, 1, 1], "texture": "#frisk"},
				"up": {"uv": [0, 0, 0, 0], "texture": "#frisk"},
				"down": {"uv": [0, 0, 0, 0], "texture": "#frisk"}
			}
		},
		{
			"from": [2, 1, 0],
			"to": [5, 2, 1],
			"faces": {
				"north": {"uv": [0, 0, 6, 1], "texture": "#frisk"},
				"east": {"uv": [0, 0, 0, 0], "texture": "#frisk"},
				"south": {"uv": [0, 0, 0, 0], "texture": "#frisk"},
				"west": {"uv": [0, 0, 1, 1], "texture": "#frisk"},
				"up": {"uv": [0, 0, 0, 0], "texture": "#frisk"},
				"down": {"uv": [0, 0, 0, 0], "texture": "#frisk"}
			}
		},
		{
			"from": [14, 0, 0],
			"to": [15, 1, 1],
			"faces": {
				"north": {"uv": [0, 0, 1, 1], "texture": "#frisk"},
				"east": {"uv": [0, 0, 1, 1], "texture": "#frisk"},
				"south": {"uv": [0, 0, 0, 0], "texture": "#frisk"},
				"west": {"uv": [0, 0, 0, 0], "texture": "#frisk"},
				"up": {"uv": [0, 0, 0, 0], "texture": "#frisk"},
				"down": {"uv": [0, 0, 1, 1], "texture": "#frisk"}
			}
		},
		{
			"from": [16, 1, 0],
			"to": [17, 2, 1],
			"faces": {
				"north": {"uv": [0, 0, 1, 1], "texture": "#frisk"},
				"east": {"uv": [0, 0, 0, 0], "texture": "#frisk"},
				"south": {"uv": [0, 0, 0, 0], "texture": "#frisk"},
				"west": {"uv": [0, 0, 0, 0], "texture": "#frisk"},
				"up": {"uv": [0, 0, 0, 0], "texture": "#frisk"},
				"down": {"uv": [0, 0, 0, 0], "texture": "#frisk"}
			}
		},
		{
			"from": [15, 1, 0],
			"to": [16, 2, 1],
			"faces": {
				"north": {"uv": [0, 0, 1, 1], "texture": "#frisk"},
				"east": {"uv": [0, 0, 1, 1], "texture": "#frisk"},
				"south": {"uv": [0, 0, 0, 0], "texture": "#frisk"},
				"west": {"uv": [0, 0, 0, 0], "texture": "#frisk"},
				"up": {"uv": [0, 0, 0, 0], "texture": "#frisk"},
				"down": {"uv": [0, 0, 0, 0], "texture": "#frisk"}
			}
		},
		{
			"from": [14, 1, 0],
			"to": [15, 2, 1],
			"faces": {
				"north": {"uv": [0, 0, 1, 1], "texture": "#frisk"},
				"east": {"uv": [0, 0, 0, 0], "texture": "#frisk"},
				"south": {"uv": [0, 0, 0, 0], "texture": "#frisk"},
				"west": {"uv": [0, 0, 0, 0], "texture": "#frisk"},
				"up": {"uv": [0, 0, 0, 0], "texture": "#frisk"},
				"down": {"uv": [0, 0, 0, 0], "texture": "#frisk"}
			}
		},
		{
			"from": [15, 2, 0],
			"to": [17, 4, 1],
			"faces": {
				"north": {"uv": [0, 0, 3, 2], "texture": "#frisk"},
				"east": {"uv": [0, 0, 0, 0], "texture": "#frisk"},
				"south": {"uv": [0, 0, 0, 0], "texture": "#frisk"},
				"west": {"uv": [0, 0, 0, 0], "texture": "#frisk"},
				"up": {"uv": [0, 0, 0, 0], "texture": "#frisk"},
				"down": {"uv": [0, 0, 0, 0], "texture": "#frisk"}
			}
		},
		{
			"from": [14, 4, 0],
			"to": [17, 6, 1],
			"faces": {
				"north": {"uv": [0, 0, 4, 2], "texture": "#frisk"},
				"east": {"uv": [0, 0, 0, 0], "texture": "#frisk"},
				"south": {"uv": [0, 0, 0, 0], "texture": "#frisk"},
				"west": {"uv": [0, 0, 0, 0], "texture": "#frisk"},
				"up": {"uv": [0, 0, 0, 0], "texture": "#frisk"},
				"down": {"uv": [0, 0, 0, 0], "texture": "#frisk"}
			}
		},
		{
			"from": [13, 8, 0],
			"to": [16, 9, 1],
			"faces": {
				"north": {"uv": [0, 0, 4, 1], "texture": "#frisk"},
				"east": {"uv": [0, 0, 0, 0], "texture": "#frisk"},
				"south": {"uv": [0, 0, 0, 0], "texture": "#frisk"},
				"west": {"uv": [0, 0, 0, 0], "texture": "#frisk"},
				"up": {"uv": [0, 0, 0, 0], "texture": "#frisk"},
				"down": {"uv": [0, 0, 0, 0], "texture": "#frisk"}
			}
		},
		{
			"from": [14, 6, 0],
			"to": [16, 8, 1],
			"faces": {
				"north": {"uv": [0, 0, 3, 2], "texture": "#frisk"},
				"east": {"uv": [0, 0, 0, 0], "texture": "#frisk"},
				"south": {"uv": [0, 0, 0, 0], "texture": "#frisk"},
				"west": {"uv": [0, 0, 0, 0], "texture": "#frisk"},
				"up": {"uv": [0, 0, 0, 0], "texture": "#frisk"},
				"down": {"uv": [0, 0, 0, 0], "texture": "#frisk"}
			}
		},
		{
			"from": [15, 10, 0],
			"to": [16, 11, 1],
			"shade": false,
			"faces": {
				"north": {"uv": [0, 0, 1, 1], "texture": "#frisk"},
				"east": {"uv": [0, 0, 15, 1], "texture": "#frisk"},
				"south": {"uv": [0, 0, 0, 0], "texture": "#frisk"},
				"west": {"uv": [0, 0, 15, 1], "texture": "#frisk"},
				"up": {"uv": [0, 0, 15, 1], "texture": "#frisk"},
				"down": {"uv": [0, 0, 15, 1], "texture": "#frisk"}
			}
		},
		{
			"from": [1, 10, 0],
			"to": [2, 11, 1],
			"shade": false,
			"faces": {
				"north": {"uv": [0, 0, 1, 1], "texture": "#frisk"},
				"east": {"uv": [0, 0, 0, 0], "texture": "#frisk"},
				"south": {"uv": [0, 0, 0, 0], "texture": "#frisk"},
				"west": {"uv": [0, 0, 15, 1], "texture": "#frisk"},
				"up": {"uv": [0, 0, 15, 1], "texture": "#frisk"},
				"down": {"uv": [0, 0, 15, 1], "texture": "#frisk"}
			}
		},
		{
			"from": [14, 11, 0],
			"to": [15, 12, 1],
			"shade": false,
			"faces": {
				"north": {"uv": [0, 0, 1, 1], "texture": "#frisk"},
				"east": {"uv": [0, 0, 15, 1], "texture": "#frisk"},
				"south": {"uv": [0, 0, 0, 0], "texture": "#frisk"},
				"west": {"uv": [0, 0, 15, 1], "texture": "#frisk"},
				"up": {"uv": [0, 0, 15, 1], "texture": "#frisk"},
				"down": {"uv": [0, 0, 15, 1], "texture": "#frisk"}
			}
		},
		{
			"from": [2, 11, 0],
			"to": [3, 12, 1],
			"shade": false,
			"faces": {
				"north": {"uv": [0, 0, 1, 1], "texture": "#frisk"},
				"east": {"uv": [0, 0, 0, 0], "texture": "#frisk"},
				"south": {"uv": [0, 0, 0, 0], "texture": "#frisk"},
				"west": {"uv": [0, 0, 15, 1], "texture": "#frisk"},
				"up": {"uv": [0, 0, 15, 1], "texture": "#frisk"},
				"down": {"uv": [0, 0, 15, 1], "texture": "#frisk"}
			}
		},
		{
			"from": [0, 9, 0],
			"to": [1, 10, 1],
			"shade": false,
			"faces": {
				"north": {"uv": [0, 0, 1, 1], "texture": "#frisk"},
				"east": {"uv": [0, 0, 0, 0], "texture": "#frisk"},
				"south": {"uv": [0, 0, 0, 0], "texture": "#frisk"},
				"west": {"uv": [0, 0, 15, 1], "texture": "#frisk"},
				"up": {"uv": [0, 0, 15, 1], "texture": "#frisk"},
				"down": {"uv": [0, 0, 15, 1], "texture": "#frisk"}
			}
		}
	],
	"display": {
		"head": {
			"translation": [0, 2, -1]
		}
	},
	"groups": [
		{
			"name": "h0002",
			"children": [
				{
					"name": "frisk",
					"children": [0, 1, 2, 3, 4, 5, 6, 7, 8, 9, 10, 11, 12, 13, 14, 15, 16, 17, 18, 19, 20, 21, 22, 23, 24, 25, 26, 27, 28, 29, 30, 31, 32, 33, 34, 35, 36, 37, 38, 39, 40, 41, 42, 43, 44, 45, 46, 47, 48, 49, 50, 51, 52, 53, 54, 55, 56, 57, 58, 59, 60]
				}
			]
		}
	]
}