{
	"credit": "Made with Blockbench",
	"parent": "item/handheld",
	"textures": {
		"layer0": "items/iron_sword"
	},
	"display": {
		"thirdperson_righthand": {
			"rotation": [66, 0, 0],
			"translation": [-5.25, 5, 3],
			"scale": [1.75, 2.16, 1]
		},
		"thirdperson_lefthand": {
			"rotation": [66, 0, 0],
			"translation": [-7, 3.5, 2.75],
			"scale": [1.75, 2.16, 1]
		},
		"firstperson_righthand": {
			"translation": [-7.25, -2.75, 0],
			"scale": [2.8, 2.8, 2]
		},
		"firstperson_lefthand": {
			"translation": [-11, -2.5, 0],
			"scale": [2.8, 2.8, 2]
		}
	}
}