{
	"credit": "Made with Blockbench",
	"parent": "item/handheld",
	"textures": {
		"layer0": "items/s0087"
	},
	"display": {
		"thirdperson_righthand": {
			"rotation": [0, 90, -48],
			"translation": [0, -2.75, 1.25],
			"scale": [0.5, 0.5, 0.7]
		},
		"thirdperson_lefthand": {
			"rotation": [0, -90, 48],
			"translation": [0, -2.75, 1.25],
			"scale": [0.5, 0.5, 0.7]
		},
		"firstperson_righthand": {
			"rotation": [0, 100, -44],
			"translation": [1.25, 1.75, 1.25],
			"scale": [0.7, 0.7, 0.7]
		},
		"firstperson_lefthand": {
			"rotation": [0, -100, 44],
			"translation": [1.25, 1.75, 1.25],
			"scale": [0.7, 0.7, 0.7]
		}
	}
}